Selected Features,Score
ENSG00000002726.20,19.98199028412321
ENSG00000002746.14,11.206023266089145
ENSG00000004534.14,9.222729719255586
ENSG00000006118.14,8.763871891542786
ENSG00000006453.13,8.786110645514162
ENSG00000007216.14,26.914474136911334
ENSG00000007341.18,11.510223417078324
ENSG00000007866.19,7.4232470529432355
ENSG00000011295.15,8.544042094179403
ENSG00000011332.19,8.277668837105063
ENSG00000011478.11,13.58029825080039
ENSG00000012124.16,8.685522582194755
ENSG00000013810.18,7.331749346245612
ENSG00000019582.14,13.61884175671316
ENSG00000021852.12,10.42531131971948
ENSG00000023572.8,9.641284639154849
ENSG00000025770.18,7.349637136980116
ENSG00000029364.11,7.916158417994103
ENSG00000030110.12,8.424295793890588
ENSG00000036054.12,8.544234409756609
ENSG00000036828.15,16.053624615870195
ENSG00000038210.12,7.3906867273159165
ENSG00000042062.11,9.576905276753758
ENSG00000047662.4,10.051407152730931
ENSG00000055070.16,8.396116403396748
ENSG00000058404.19,9.886760674277587
ENSG00000059145.18,7.617620156148553
ENSG00000063015.19,8.535358284869272
ENSG00000065559.14,8.765706072598165
ENSG00000067082.14,7.844065839526504
ENSG00000068903.19,8.477492360452576
ENSG00000069509.5,7.9382667916031
ENSG00000070269.13,7.7534125640322955
ENSG00000070814.17,23.60141524154681
ENSG00000072864.14,13.40296504938753
ENSG00000073905.8,13.6261532151029
ENSG00000078900.14,9.012567097843657
ENSG00000081923.11,14.604553893002205
ENSG00000084444.13,9.344296510482671
ENSG00000086189.9,8.349672295205734
ENSG00000087008.15,7.540771216214221
ENSG00000087074.7,12.407715994757911
ENSG00000087365.15,8.715321647443531
ENSG00000088727.12,8.932383103782838
ENSG00000088756.12,18.83611530251141
ENSG00000090316.15,8.84511999915788
ENSG00000090554.12,8.254912871150157
ENSG00000091879.13,7.540691571910168
ENSG00000092051.16,13.471638425475454
ENSG00000092531.9,9.231841456446038
ENSG00000095380.10,10.450985243839796
ENSG00000095585.16,8.492608750850515
ENSG00000096996.15,10.674643313276674
ENSG00000100209.9,9.259197312285934
ENSG00000100218.11,13.800694938839449
ENSG00000100284.20,8.337240878327975
ENSG00000100297.15,11.773145045535937
ENSG00000100314.3,9.556069659772222
ENSG00000100412.15,7.967418916382076
ENSG00000100490.9,8.963926934848228
ENSG00000100652.4,12.61442659074676
ENSG00000101000.5,7.72995968541688
ENSG00000101194.17,10.335671674376492
ENSG00000101307.15,8.279692896967076
ENSG00000101850.12,12.354192533656704
ENSG00000102290.22,15.493733443651234
ENSG00000102383.13,10.598695914212291
ENSG00000102575.10,7.405886412152286
ENSG00000102580.14,8.049688760075732
ENSG00000102962.4,17.33967067027451
ENSG00000102967.11,8.460187700772229
ENSG00000103042.8,8.134165543950182
ENSG00000104435.13,7.547744411209523
ENSG00000104442.9,7.351244987100724
ENSG00000104804.7,20.759311498320727
ENSG00000104814.12,10.69647249309254
ENSG00000104941.7,12.432446985826267
ENSG00000104972.15,8.824230944228548
ENSG00000105053.10,7.421462052377444
ENSG00000105270.14,9.181208518653147
ENSG00000105519.15,11.820253653580775
ENSG00000105656.12,9.182781303715371
ENSG00000105671.11,15.679995885442846
ENSG00000105778.18,7.30659691016279
ENSG00000105988.6,14.810301732020129
ENSG00000106246.17,23.640271481235867
ENSG00000106443.15,11.10409719697417
ENSG00000106682.14,13.822810735941445
ENSG00000108375.12,12.641399794134513
ENSG00000108381.10,22.570570101639227
ENSG00000108465.14,9.233978441410313
ENSG00000108823.15,8.37804388636768
ENSG00000108846.15,9.41474359823539
ENSG00000110074.10,8.440423098122755
ENSG00000111206.12,8.07746905817503
ENSG00000111348.8,8.127159449212929
ENSG00000111361.12,9.695296937049573
ENSG00000111783.12,12.728928741700399
ENSG00000111790.13,8.777605290013367
ENSG00000112029.9,8.82717964039433
ENSG00000112208.11,10.042600496121798
ENSG00000113889.11,10.09874638299719
ENSG00000114124.2,7.9118549476640165
ENSG00000116017.10,19.017220775730152
ENSG00000116095.10,8.452034970235628
ENSG00000116745.6,18.762987795358363
ENSG00000117242.7,17.092874118497544
ENSG00000119231.10,8.56186889606758
ENSG00000119688.20,17.164868511885228
ENSG00000119703.13,9.094148816995224
ENSG00000119725.18,9.07922284727793
ENSG00000119969.14,12.04844501093946
ENSG00000120094.6,10.398912495178672
ENSG00000120159.11,7.466273345632386
ENSG00000120314.18,12.098405085430212
ENSG00000120555.13,9.331713768326358
ENSG00000120742.10,11.076525607951973
ENSG00000121644.18,8.758868192071446
ENSG00000121680.15,7.514643088138196
ENSG00000122180.4,8.15816039112523
ENSG00000122367.19,12.146628679769728
ENSG00000122432.17,14.90627727832167
ENSG00000123106.10,7.804889416381259
ENSG00000123146.19,14.821193378606065
ENSG00000123983.13,7.917208349270445
ENSG00000124171.8,10.97492555334296
ENSG00000124574.14,10.870919728984692
ENSG00000124795.14,7.850946246689592
ENSG00000125385.9,7.889871851713684
ENSG00000125538.11,8.454488872940063
ENSG00000125931.10,7.465468456577231
ENSG00000126246.9,12.56614977055371
ENSG00000126368.5,7.70916883401031
ENSG00000126759.13,7.880674976355921
ENSG00000127952.16,10.39951839371052
ENSG00000128016.5,17.433838649985603
ENSG00000128271.21,7.498170288926268
ENSG00000128383.12,20.49789873655873
ENSG00000128394.16,14.011601190424834
ENSG00000128581.15,7.339108362515465
ENSG00000128918.14,8.758898167088875
ENSG00000129226.13,12.829928310407453
ENSG00000130164.13,7.877588373181872
ENSG00000131044.16,9.285381990561103
ENSG00000131375.9,7.816450362683417
ENSG00000131711.14,8.410974683746566
ENSG00000131910.4,13.777300330701202
ENSG00000131914.10,9.928091853481263
ENSG00000132016.11,22.19639024887946
ENSG00000132475.10,13.604573463643185
ENSG00000132570.14,25.969101287185325
ENSG00000132680.10,8.814076804711384
ENSG00000133392.17,19.245265517556167
ENSG00000133475.17,7.768711367527949
ENSG00000133884.9,7.436326015827596
ENSG00000133943.20,7.4184375928983854
ENSG00000134020.7,7.620797353243514
ENSG00000134330.18,7.603886299044211
ENSG00000134871.17,13.079341333505571
ENSG00000135119.14,15.814031904794309
ENSG00000135245.9,9.595925609805164
ENSG00000135392.15,13.44552479691508
ENSG00000135443.8,21.13269757823919
ENSG00000135452.9,7.917440668936669
ENSG00000135506.15,14.717927765809556
ENSG00000135903.18,8.87089567577041
ENSG00000136206.3,9.278597054344282
ENSG00000136244.11,10.094588862048711
ENSG00000137225.12,7.87430451541735
ENSG00000137270.10,20.08941345080747
ENSG00000137710.14,8.165570496942118
ENSG00000137843.11,7.532046861473322
ENSG00000137970.7,7.484780223222279
ENSG00000138079.13,11.403990728072952
ENSG00000138111.14,8.340845631072758
ENSG00000138315.12,8.306139531719014
ENSG00000138347.15,9.089167160712028
ENSG00000138639.17,10.268514896648183
ENSG00000139053.2,18.054506338144755
ENSG00000139211.6,9.450776960284578
ENSG00000140107.10,14.381891569087685
ENSG00000140522.11,9.116411708956065
ENSG00000140961.12,9.902167476525332
ENSG00000141232.4,11.080405664518075
ENSG00000141338.13,7.995423545385739
ENSG00000141965.4,11.132256693784733
ENSG00000141979.4,9.529837429759034
ENSG00000142347.16,8.157852807162277
ENSG00000142512.14,17.47721916643433
ENSG00000142789.19,12.832084057333674
ENSG00000142864.14,8.09200364579322
ENSG00000143217.8,17.036738610853277
ENSG00000143224.17,13.679973100512939
ENSG00000143294.14,9.656424555782124
ENSG00000143374.16,7.298735627716617
ENSG00000143376.12,14.800791754420782
ENSG00000143443.9,17.679220629323552
ENSG00000143469.18,8.178010619664558
ENSG00000144452.14,8.003194102743608
ENSG00000144736.13,7.364648131419115
ENSG00000144837.8,10.776936219755937
ENSG00000145996.11,8.928784455166442
ENSG00000146809.12,14.797844032840363
ENSG00000147168.12,11.894710547798384
ENSG00000147443.12,8.836946542151981
ENSG00000147536.11,8.357878384307952
ENSG00000147872.9,10.305385140876442
ENSG00000148200.16,19.497205554798803
ENSG00000149256.15,12.01967734323717
ENSG00000149488.12,20.29094051911809
ENSG00000149571.11,9.44912340447085
ENSG00000150201.14,9.520566177395217
ENSG00000150275.17,10.398912495178665
ENSG00000153498.11,12.395853190354577
ENSG00000153789.12,17.30956370121153
ENSG00000154099.17,12.196390335733565
ENSG00000154133.14,13.550107881493842
ENSG00000155008.13,7.823476545496134
ENSG00000155659.14,9.885179368716123
ENSG00000156006.4,38.791752113062245
ENSG00000156136.9,9.578801940475744
ENSG00000157306.14,8.791425180459651
ENSG00000157851.16,10.49965709456632
ENSG00000158164.6,8.163008641292054
ENSG00000158373.8,10.464873617922779
ENSG00000158482.10,8.685731735065973
ENSG00000158955.10,8.872498803246033
ENSG00000159958.6,18.815529475838876
ENSG00000160124.9,12.316036787644842
ENSG00000160325.14,14.894017841998064
ENSG00000160326.13,16.3870346314158
ENSG00000160408.14,9.092614771062097
ENSG00000160471.12,18.071207453614118
ENSG00000160683.4,8.096004575307315
ENSG00000160691.18,17.17993924390854
ENSG00000161265.14,20.839822774234634
ENSG00000161692.17,7.910801277537509
ENSG00000161939.19,9.656339585634068
ENSG00000161960.14,10.998593086670656
ENSG00000162144.9,12.287626886756804
ENSG00000162148.10,22.31339969443974
ENSG00000162194.12,16.20590019919191
ENSG00000162458.12,10.009911908279657
ENSG00000162896.5,13.44124681433712
ENSG00000162989.4,15.812163671039496
ENSG00000163527.9,7.484944882227795
ENSG00000163596.16,12.215084473493269
ENSG00000164096.12,7.307908143843573
ENSG00000164167.10,9.419510052172136
ENSG00000164220.6,15.572674256253169
ENSG00000164252.12,7.957514534555834
ENSG00000164303.10,8.91334517053486
ENSG00000164434.11,19.755422548371346
ENSG00000164695.4,11.276641311600978
ENSG00000164815.10,9.497116489689004
ENSG00000165204.3,24.48469991172189
ENSG00000165487.13,10.062322886445616
ENSG00000165629.19,8.410715514732228
ENSG00000165685.8,14.343990786397232
ENSG00000165688.11,8.84153164122652
ENSG00000166090.8,32.4598927673933
ENSG00000166220.12,12.225342718149466
ENSG00000166329.2,10.398912495178665
ENSG00000166578.9,10.519764217262097
ENSG00000166913.12,12.050309521124957
ENSG00000166917.10,10.634072586471657
ENSG00000166948.9,17.831765171237276
ENSG00000166997.7,7.425593669301039
ENSG00000167311.13,9.237095148644215
ENSG00000167565.12,12.182661880401582
ENSG00000167604.14,16.379107332087628
ENSG00000167614.13,7.487560733876295
ENSG00000167749.11,24.913219576403137
ENSG00000168234.12,9.960457719221557
ENSG00000168237.17,9.366300752242859
ENSG00000168259.14,10.350887823174755
ENSG00000168301.12,7.904766246741546
ENSG00000168389.17,7.421023204915269
ENSG00000168434.12,9.824037848347002
ENSG00000168546.10,7.6734957612019
ENSG00000168591.15,12.316138072221419
ENSG00000168843.13,10.398912495178667
ENSG00000168872.16,11.45774386601331
ENSG00000168887.10,7.700585506502957
ENSG00000168903.8,15.887213149853864
ENSG00000168961.16,14.45763122354226
ENSG00000168995.13,11.394745084084926
ENSG00000169016.16,8.814353468062167
ENSG00000169605.5,10.398912495178672
ENSG00000169758.12,10.372053114768317
ENSG00000169905.12,17.690649844615763
ENSG00000170092.14,8.268586033457476
ENSG00000170175.10,7.403279782499814
ENSG00000170296.9,11.986498300483575
ENSG00000170364.12,11.429085770282246
ENSG00000170759.10,8.09378483268178
ENSG00000170807.11,13.073034638635114
ENSG00000170846.16,8.70177752733995
ENSG00000170929.6,29.876400694083852
ENSG00000171236.9,15.296124404370149
ENSG00000171459.4,21.960548899675164
ENSG00000171505.5,14.68588056652623
ENSG00000171657.5,7.915025873625757
ENSG00000171877.20,9.714706574426613
ENSG00000172318.5,7.866700797255058
ENSG00000172346.14,8.587317640282938
ENSG00000172782.11,9.285564017579702
ENSG00000172867.3,8.861967906081675
ENSG00000172912.4,9.311731603310138
ENSG00000173124.14,18.272639457081954
ENSG00000173801.16,12.788533162187381
ENSG00000173826.14,10.039721615893187
ENSG00000174407.13,18.617520355280185
ENSG00000174483.19,7.742430207550216
ENSG00000174514.12,17.091171501879113
ENSG00000175182.14,7.415687142293386
ENSG00000175220.11,15.965784602719882
ENSG00000175514.2,9.58471460293316
ENSG00000175544.13,23.39007061686685
ENSG00000175604.2,9.164533640092175
ENSG00000175699.14,13.918149511236004
ENSG00000175730.8,30.498487019905184
ENSG00000176092.14,12.353319589568505
ENSG00000176320.2,16.65475881484955
ENSG00000176933.5,9.797242891189994
ENSG00000176986.15,10.205675297102864
ENSG00000177291.3,37.52485742743356
ENSG00000177338.13,25.529791552822445
ENSG00000177369.8,17.805701288054102
ENSG00000177464.4,8.874426946319998
ENSG00000177535.8,11.0781850884471
ENSG00000177669.3,15.91389550061295
ENSG00000177673.3,14.68973912884336
ENSG00000178201.4,22.51684196260371
ENSG00000178202.12,7.471310408491145
ENSG00000178803.10,11.71546854490789
ENSG00000179073.6,7.842195564050826
ENSG00000179083.6,8.59028521147956
ENSG00000179381.7,38.49972229021447
ENSG00000179761.11,17.064290155282976
ENSG00000179818.13,12.393238088335696
ENSG00000179912.20,14.867063712180006
ENSG00000179994.10,11.632840275732175
ENSG00000180210.14,8.727235061134907
ENSG00000180347.13,16.119007888848728
ENSG00000180423.4,7.391025698662691
ENSG00000180525.11,10.095806235580621
ENSG00000180773.14,11.03430755379494
ENSG00000180979.9,17.0103137780203
ENSG00000181626.11,11.815656533901375
ENSG00000182050.13,18.68643942367446
ENSG00000182109.7,12.859244761712114
ENSG00000182220.14,8.284126933440245
ENSG00000182256.12,7.422482958025352
ENSG00000182376.2,8.16140685139953
ENSG00000182628.12,11.6297643137206
ENSG00000182631.6,17.95258324915634
ENSG00000182674.5,10.398912495178667
ENSG00000182749.5,11.262936315471553
ENSG00000182993.3,11.339971140930345
ENSG00000183208.12,9.407362388675434
ENSG00000183292.12,9.908431641236154
ENSG00000183527.11,7.911217855109552
ENSG00000183644.13,36.761997582004476
ENSG00000183741.11,10.150769468113229
ENSG00000184047.16,9.958009998399728
ENSG00000184068.2,11.418227963087848
ENSG00000184139.8,9.867297256059544
ENSG00000184347.14,19.66184686286338
ENSG00000184517.11,10.875022909132051
ENSG00000184530.8,9.21317952665235
ENSG00000184584.12,8.574787814536846
ENSG00000184716.13,8.47035960113988
ENSG00000185065.6,7.986945173538822
ENSG00000185432.11,7.95462180498172
ENSG00000185527.11,7.700197864234516
ENSG00000185607.5,15.549755173316917
ENSG00000185905.3,8.844441617363312
ENSG00000186026.6,18.12967651448575
ENSG00000186082.9,7.374594317021035
ENSG00000186298.11,9.820569497542698
ENSG00000186575.17,13.42838096527405
ENSG00000186628.12,9.519788035127437
ENSG00000186952.14,7.450683922832891
ENSG00000187068.2,23.1501842033104
ENSG00000187105.8,12.209002218857222
ENSG00000187144.11,10.216499087580768
ENSG00000187446.11,14.475432826150424
ENSG00000187556.7,19.539207356560077
ENSG00000187607.15,10.17848317824523
ENSG00000187664.8,28.83706151407544
ENSG00000187866.8,12.05308592524835
ENSG00000187980.6,10.77079266573168
ENSG00000188078.5,7.363433409052721
ENSG00000188107.14,9.2339115192657
ENSG00000188493.14,17.835875511883508
ENSG00000188523.8,8.662887305543016
ENSG00000188603.18,16.17020477210127
ENSG00000188662.6,12.889006543519379
ENSG00000188825.13,9.669226705702386
ENSG00000188917.14,7.2878300984236875
ENSG00000188959.9,29.54203001130847
ENSG00000189114.6,16.16237712506273
ENSG00000189129.13,11.284003197264553
ENSG00000189167.11,17.248868028602143
ENSG00000189295.13,29.462820683760036
ENSG00000189348.6,10.398912495178672
ENSG00000189377.8,21.652248496600528
ENSG00000196081.9,7.334989847063877
ENSG00000196114.3,16.622023027383783
ENSG00000196227.10,8.436287211369354
ENSG00000196301.3,9.063549034254942
ENSG00000196378.11,7.737711679393643
ENSG00000196459.13,18.288035053245853
ENSG00000196639.6,26.12923932696095
ENSG00000196684.12,15.245987917582038
ENSG00000196932.11,9.71567262925358
ENSG00000197272.2,8.202280217679565
ENSG00000197446.8,10.373616763020683
ENSG00000197462.3,10.398912495178672
ENSG00000197479.6,23.753445041410668
ENSG00000197588.9,48.44660758741199
ENSG00000197594.11,8.09450861470659
ENSG00000197815.4,19.39649527021057
ENSG00000197837.3,10.657935560344333
ENSG00000198033.11,10.398912495178667
ENSG00000198106.8,23.654647910167135
ENSG00000198208.11,14.315803785652506
ENSG00000198363.17,9.614258651957524
ENSG00000198373.12,11.450500388291662
ENSG00000198547.8,14.667976989263462
ENSG00000198642.6,7.997674626845227
ENSG00000198715.11,8.780337496171033
ENSG00000198796.6,11.885212551265752
ENSG00000199023.3,23.00738313744841
ENSG00000199301.1,10.419944577505474
ENSG00000199325.1,30.614596727334586
ENSG00000199354.1,14.390275016203514
ENSG00000199357.1,8.176942645428008
ENSG00000199360.1,21.223333662858707
ENSG00000199366.1,11.075832006119626
ENSG00000199377.1,11.093619690325353
ENSG00000199405.1,14.79202185828743
ENSG00000199440.1,9.950725706160794
ENSG00000199497.1,10.727762106148965
ENSG00000199509.1,13.238928553044486
ENSG00000199536.1,10.54069154372931
ENSG00000199568.1,29.331128235882545
ENSG00000199638.1,8.699965685011486
ENSG00000199695.1,7.742730028821416
ENSG00000199805.1,9.700344555711867
ENSG00000199855.1,15.424598208237677
ENSG00000199879.1,13.386540588351611
ENSG00000200059.1,20.894340118809264
ENSG00000200169.1,33.40098350723204
ENSG00000200256.1,15.76198507102771
ENSG00000200334.1,11.10336337093591
ENSG00000200388.1,14.029807849824136
ENSG00000200502.1,8.79662211590357
ENSG00000200537.1,18.936216325283496
ENSG00000200591.1,9.622415304554146
ENSG00000200613.1,38.49972229021447
ENSG00000200651.1,12.112729272258225
ENSG00000200795.1,8.074958851436717
ENSG00000200807.1,20.527997983937077
ENSG00000200842.1,13.906754387290288
ENSG00000201076.1,8.710818302566592
ENSG00000201184.1,17.418378772474327
ENSG00000201351.1,16.994863894706313
ENSG00000201407.1,28.2598585679173
ENSG00000201442.2,17.09881108110024
ENSG00000201492.1,10.53531676070255
ENSG00000201558.1,39.641282144219495
ENSG00000201564.1,18.42795078888725
ENSG00000201581.1,10.81102563628391
ENSG00000201622.1,10.398912495178667
ENSG00000201680.1,13.890298920768185
ENSG00000201683.1,17.78401274350076
ENSG00000201728.1,9.485962981493824
ENSG00000201749.1,14.721706957631621
ENSG00000201761.1,38.49972229021447
ENSG00000201821.1,7.787575890901918
ENSG00000201823.1,10.372558947463771
ENSG00000201884.1,10.10644858881161
ENSG00000202019.1,11.271238878828488
ENSG00000202177.1,19.08164546062052
ENSG00000202241.1,10.398912495178667
ENSG00000202408.2,11.394352451896204
ENSG00000202502.1,10.68613860403398
ENSG00000202512.1,9.313921526409914
ENSG00000203286.5,27.115553142805055
ENSG00000203325.3,7.9743607452903085
ENSG00000203395.2,23.862474190700272
ENSG00000203647.2,7.97778348915826
ENSG00000203664.7,11.958475000352918
ENSG00000203804.4,14.171461606816802
ENSG00000203808.10,19.17430042255527
ENSG00000203812.2,7.798826133569649
ENSG00000204021.3,7.314171652837981
ENSG00000204385.10,11.735136840925609
ENSG00000204569.9,14.075694250386752
ENSG00000204592.8,12.780708081913103
ENSG00000204666.3,8.552880530967172
ENSG00000204758.7,11.87432211452618
ENSG00000204816.5,11.999116879253355
ENSG00000204837.4,17.077066672402417
ENSG00000205212.3,10.96488760830256
ENSG00000205236.6,15.823766905413562
ENSG00000205274.3,17.772342551796708
ENSG00000205323.8,12.208125261935841
ENSG00000205336.11,7.413257456800961
ENSG00000205436.7,8.547181713833444
ENSG00000205482.9,13.65229550775555
ENSG00000205531.12,7.725180246628946
ENSG00000205744.9,11.208631462006483
ENSG00000205784.2,9.784979123194415
ENSG00000205871.5,7.537335960106172
ENSG00000206026.7,10.398912495178667
ENSG00000206448.3,8.383631694938625
ENSG00000206605.1,11.307739561888816
ENSG00000206650.1,8.55492065656609
ENSG00000206652.1,19.342103485054682
ENSG00000206654.1,38.49972229021449
ENSG00000206675.1,7.92271783477881
ENSG00000206705.1,9.503821131017556
ENSG00000206766.1,38.49972229021449
ENSG00000206899.1,8.800823758799108
ENSG00000206913.1,23.600749017930298
ENSG00000206935.1,7.7533256730228235
ENSG00000206969.1,14.066484377605036
ENSG00000206976.1,7.707583574092778
ENSG00000207012.2,8.232373337249186
ENSG00000207016.1,8.5094076577181
ENSG00000207036.1,7.91813630122464
ENSG00000207092.1,12.639505832107996
ENSG00000207109.1,21.28198006698534
ENSG00000207131.1,38.49972229021449
ENSG00000207205.1,9.170430135771118
ENSG00000207234.1,7.833318880429301
ENSG00000207306.1,10.795383410593168
ENSG00000207368.1,19.857055416990963
ENSG00000207393.1,10.818169554793212
ENSG00000207416.1,15.356657714664653
ENSG00000207612.1,8.5716060229053
ENSG00000207781.1,32.48777178777683
ENSG00000207922.1,13.781238096925328
ENSG00000207962.1,11.034921698942554
ENSG00000207965.1,8.933408312675368
ENSG00000207991.1,9.141687331575117
ENSG00000208028.1,45.58868189626034
ENSG00000210174.1,7.652986659035094
ENSG00000211513.5,10.150740381496448
ENSG00000211594.2,9.798896560837177
ENSG00000211595.2,32.337082318710834
ENSG00000211691.2,8.280818308232119
ENSG00000211875.1,19.541837828872232
ENSG00000211898.7,11.095511309858047
ENSG00000211925.1,10.655572784738212
ENSG00000211997.1,17.252223437589283
ENSG00000212195.2,38.65085631540106
ENSG00000212468.1,10.398912495178672
ENSG00000212534.1,33.2377624266551
ENSG00000212568.1,30.6121885072284
ENSG00000213014.3,10.15992328890126
ENSG00000213076.3,39.00411378683115
ENSG00000213107.2,7.470914585476621
ENSG00000213152.5,8.98875712551165
ENSG00000213160.9,8.382957611382093
ENSG00000213240.8,8.756621516847561
ENSG00000213280.2,11.018985099163391
ENSG00000213365.3,15.334292179765669
ENSG00000213380.14,17.91518571381786
ENSG00000213412.3,9.08403778535851
ENSG00000213440.2,8.935185079139208
ENSG00000213471.10,16.75886686873697
ENSG00000213614.9,7.874483994205885
ENSG00000213641.4,8.983868776233164
ENSG00000213645.2,22.345750426956
ENSG00000213648.10,28.44313152837892
ENSG00000213965.3,12.446849573435259
ENSG00000213994.3,9.017287430274347
ENSG00000214078.12,15.289793531048739
ENSG00000214113.10,7.347894007199451
ENSG00000214125.2,12.461782113290962
ENSG00000214264.4,13.804338821429447
ENSG00000214265.11,21.01913210963795
ENSG00000214362.2,16.138224562157493
ENSG00000214407.3,8.486586901200798
ENSG00000214526.3,12.33586932095442
ENSG00000214549.2,28.386442097253525
ENSG00000214561.3,7.963010010120769
ENSG00000214760.3,8.518089586338327
ENSG00000214812.3,14.8022488238628
ENSG00000214821.4,13.555715845166763
ENSG00000214860.4,10.217119746314381
ENSG00000214900.9,29.4001211663695
ENSG00000215039.6,11.521931952451354
ENSG00000215070.4,23.00132585902933
ENSG00000215572.2,8.677223049146885
ENSG00000215606.4,17.55804612334316
ENSG00000215812.5,13.775617200466346
ENSG00000216192.1,15.372604323369472
ENSG00000216365.2,8.09498758834811
ENSG00000216490.3,28.525763728988473
ENSG00000217004.1,16.756731744185995
ENSG00000217231.2,7.955551780088473
ENSG00000217414.2,7.452493916619451
ENSG00000217835.3,12.015291690478069
ENSG00000217897.2,11.794071098607832
ENSG00000218107.1,15.819114571034945
ENSG00000218281.1,9.734951305741548
ENSG00000218596.2,10.894146057336608
ENSG00000218713.1,10.603798252397242
ENSG00000219074.1,12.803667983984216
ENSG00000219150.2,8.923652039317243
ENSG00000219163.2,9.476603763934168
ENSG00000219200.11,13.881535907171944
ENSG00000219274.1,8.262644799750955
ENSG00000219355.2,8.298575122145547
ENSG00000219565.2,12.599962951290719
ENSG00000219881.1,10.792988145559658
ENSG00000220323.3,13.527952985886856
ENSG00000220643.1,18.62726468501067
ENSG00000220744.1,9.654170190202843
ENSG00000220871.1,26.11188264503577
ENSG00000220925.2,9.415050422316982
ENSG00000221038.1,38.49972229021447
ENSG00000221083.1,22.987275245853528
ENSG00000221091.1,9.337614522189378
ENSG00000221216.1,9.385257114358502
ENSG00000221261.1,38.49972229021447
ENSG00000221456.1,12.09620647495459
ENSG00000221643.1,7.586229535925886
ENSG00000221806.1,16.98348473085071
ENSG00000221882.3,7.92055891926666
ENSG00000222046.2,7.956390653716888
ENSG00000222337.1,8.911237213871836
ENSG00000222414.1,10.688118349674909
ENSG00000222432.1,8.0418647034944
ENSG00000222448.1,12.221226482452767
ENSG00000222675.1,15.667248731333897
ENSG00000222743.1,25.094355830708544
ENSG00000222852.1,12.515944977547978
ENSG00000222872.1,10.7268181549928
ENSG00000223271.1,38.882066596159035
ENSG00000223309.1,24.294765167237408
ENSG00000223336.1,13.376547971509599
ENSG00000223387.6,22.908990785328932
ENSG00000223401.2,7.991030226479043
ENSG00000223446.1,7.570398180742419
ENSG00000223522.1,11.694943258561384
ENSG00000223525.1,22.443749384586695
ENSG00000223566.1,10.398912495178667
ENSG00000223576.2,11.400344473018002
ENSG00000223599.1,11.862627838352168
ENSG00000223619.1,9.819284194392294
ENSG00000223703.1,13.835694732168882
ENSG00000223725.6,7.95820060144298
ENSG00000223732.2,15.552132042440862
ENSG00000223754.1,7.948023816882729
ENSG00000223776.5,9.047461669186259
ENSG00000223819.2,10.398912495178667
ENSG00000223825.5,9.05187234366193
ENSG00000223849.1,8.334584853193148
ENSG00000223896.2,7.556471706875477
ENSG00000223965.2,10.38404855302414
ENSG00000224008.1,10.398912495178672
ENSG00000224192.2,7.900298204694643
ENSG00000224208.1,14.19430396178025
ENSG00000224220.1,10.774552056275475
ENSG00000224232.1,20.792203004201564
ENSG00000224260.6,10.398912495178665
ENSG00000224282.3,27.65311486558521
ENSG00000224310.1,24.63553729225848
ENSG00000224376.1,12.076962138026069
ENSG00000224421.1,24.963113493179087
ENSG00000224424.7,15.33604819786425
ENSG00000224439.2,9.863720893573994
ENSG00000224451.2,10.422129418470421
ENSG00000224473.1,9.22529878259393
ENSG00000224478.1,15.820195113295089
ENSG00000224506.2,10.398912495178667
ENSG00000224510.2,7.3988746325192345
ENSG00000224517.6,38.49972229021449
ENSG00000224609.6,15.262195529124455
ENSG00000224672.4,13.449783566472032
ENSG00000224721.1,10.349871784239607
ENSG00000224728.1,8.35842037179133
ENSG00000224729.5,7.689352847286108
ENSG00000224746.1,13.85866146042323
ENSG00000224751.2,14.299065900951792
ENSG00000224821.5,18.594320415042375
ENSG00000224826.1,16.993348704324728
ENSG00000224830.2,10.025551004666474
ENSG00000224834.1,17.44889658045531
ENSG00000224875.2,13.775481767290351
ENSG00000224973.5,18.534789180339875
ENSG00000224975.1,20.91457068562009
ENSG00000224982.3,26.9544603844522
ENSG00000224988.1,8.353484403176369
ENSG00000225075.1,12.228925150671593
ENSG00000225112.1,16.401657377799534
ENSG00000225187.1,25.663792589831885
ENSG00000225331.1,7.591121715451749
ENSG00000225423.1,7.8656072052921715
ENSG00000225442.2,12.809750360660564
ENSG00000225479.1,9.290878164379679
ENSG00000225499.1,17.309253546885884
ENSG00000225506.2,12.172750515082846
ENSG00000225528.3,8.100057552308002
ENSG00000225531.1,10.71209275460815
ENSG00000225549.3,10.336111416615699
ENSG00000225602.5,22.497186997759925
ENSG00000225632.1,8.708862671849683
ENSG00000225751.2,13.840887901680984
ENSG00000225880.5,7.6203726300237875
ENSG00000225900.1,20.529645828659095
ENSG00000225931.3,13.135032927707904
ENSG00000225945.1,7.835017788467514
ENSG00000226005.3,23.090858156502
ENSG00000226056.1,20.347429273926227
ENSG00000226117.1,7.809633267359414
ENSG00000226138.4,9.949523909395909
ENSG00000226144.2,15.835454162254251
ENSG00000226229.2,10.398912495178672
ENSG00000226239.1,28.506097647931767
ENSG00000226289.1,10.398912495178667
ENSG00000226356.2,15.538945444298491
ENSG00000226457.1,12.029036208284273
ENSG00000226491.1,12.877978457114278
ENSG00000226501.2,8.568339607680375
ENSG00000226558.1,38.49972229021447
ENSG00000226567.1,8.314129354807363
ENSG00000226582.1,14.622041846748075
ENSG00000226621.1,10.292263304044663
ENSG00000226705.1,18.74968730276643
ENSG00000226726.1,10.236371631531519
ENSG00000226773.1,10.398912495178665
ENSG00000226784.2,10.037422726082362
ENSG00000226856.5,18.339773428403582
ENSG00000226899.1,7.402687967707021
ENSG00000226912.1,12.412720968046909
ENSG00000226960.1,10.216910149674828
ENSG00000226987.1,21.25768245640663
ENSG00000226989.1,30.010198051843403
ENSG00000227028.6,8.463194252648746
ENSG00000227186.1,14.236595385170478
ENSG00000227213.1,16.930692888974093
ENSG00000227262.3,11.13252939391642
ENSG00000227292.1,15.047347064000853
ENSG00000227379.2,15.259195185592045
ENSG00000227383.1,10.518825708629185
ENSG00000227454.2,11.747065033748854
ENSG00000227477.1,9.270318595802134
ENSG00000227516.1,8.373087379167423
ENSG00000227534.1,8.071203522199283
ENSG00000227555.1,10.560866894027392
ENSG00000227581.2,50.128224766296434
ENSG00000227712.1,7.789353469567606
ENSG00000227723.1,12.946436641936696
ENSG00000227741.1,12.797101430094528
ENSG00000227791.3,13.827886048831274
ENSG00000227814.3,10.398912495178672
ENSG00000227836.1,7.588764550131046
ENSG00000227914.3,12.146370501923915
ENSG00000227963.1,13.317835398107544
ENSG00000228016.1,12.078219174544028
ENSG00000228027.1,17.897120881795264
ENSG00000228076.2,24.764936419746828
ENSG00000228113.7,17.757001679135513
ENSG00000228125.2,12.832599354649588
ENSG00000228140.1,11.155263324375316
ENSG00000228156.1,8.609163354093948
ENSG00000228169.3,9.66307588377136
ENSG00000228261.1,10.88437089487385
ENSG00000228283.3,11.714777017018578
ENSG00000228293.1,12.092111102567952
ENSG00000228330.1,28.331939122756793
ENSG00000228350.1,10.112700931484136
ENSG00000228386.2,9.043889833660325
ENSG00000228397.2,13.038257843983473
ENSG00000228398.3,21.53837989608947
ENSG00000228423.2,13.94849716772672
ENSG00000228590.1,8.245224747187729
ENSG00000228599.1,8.28666245421261
ENSG00000228634.1,20.505382310993028
ENSG00000228657.1,8.073261704758636
ENSG00000228799.5,26.431936487226995
ENSG00000228809.2,24.04368751906036
ENSG00000228815.1,10.398912495178665
ENSG00000228901.3,11.252137701428314
ENSG00000228939.1,11.859930789715365
ENSG00000228961.1,11.606106122535472
ENSG00000228962.1,22.546013071207415
ENSG00000228976.1,30.7954463692746
ENSG00000228988.1,15.008217596110406
ENSG00000229111.1,11.448176071034759
ENSG00000229180.6,7.372834431086519
ENSG00000229183.8,9.472094912092796
ENSG00000229192.6,10.398912495178672
ENSG00000229276.1,14.73348863311568
ENSG00000229311.1,38.49972229021447
ENSG00000229390.1,55.44426246589699
ENSG00000229425.2,12.357057959205203
ENSG00000229512.1,28.31248598428939
ENSG00000229531.5,9.191665799785312
ENSG00000229654.1,11.745736626946432
ENSG00000229687.2,9.48633381615208
ENSG00000229749.1,13.525727253427874
ENSG00000229759.1,16.015050319991545
ENSG00000229798.1,8.64831767987554
ENSG00000229839.6,19.86661250554498
ENSG00000229886.1,18.093077792020498
ENSG00000229896.2,11.806913719133794
ENSG00000229938.1,38.49972229021447
ENSG00000229944.3,12.478525326296111
ENSG00000229962.1,10.398912495178672
ENSG00000229992.1,10.123239585824544
ENSG00000230068.2,26.638946420969972
ENSG00000230157.1,7.358145063264152
ENSG00000230178.1,26.973820792561916
ENSG00000230197.6,10.398912495178667
ENSG00000230273.1,23.89073720967014
ENSG00000230381.2,10.905206535453392
ENSG00000230400.2,18.552605687851006
ENSG00000230470.1,27.62602619127494
ENSG00000230481.2,8.682065588633797
ENSG00000230547.1,8.247461764057192
ENSG00000230573.1,34.261275729716075
ENSG00000230701.2,8.990344578665004
ENSG00000230710.1,8.424293282461054
ENSG00000230741.1,20.37000578331368
ENSG00000230753.5,18.190685806710228
ENSG00000230834.1,22.286420379468808
ENSG00000230848.1,28.403831372286543
ENSG00000231105.1,10.677538251519664
ENSG00000231169.4,14.61676908777103
ENSG00000231316.1,34.677699084780315
ENSG00000231361.1,10.398912495178667
ENSG00000231393.1,10.092977921210451
ENSG00000231435.1,8.46966450696833
ENSG00000231507.1,9.876674004531953
ENSG00000231508.1,15.465522135286438
ENSG00000231534.1,7.460332681560749
ENSG00000231609.5,15.30863665474505
ENSG00000231616.8,11.102388255125923
ENSG00000231622.1,37.361534071965366
ENSG00000231681.2,24.46159743462683
ENSG00000231691.1,12.130522322514839
ENSG00000231703.2,14.40806203856511
ENSG00000231707.4,8.644503600152285
ENSG00000231752.5,7.681265647834866
ENSG00000231795.1,17.88767109223087
ENSG00000231809.4,10.398912495178665
ENSG00000231863.1,10.248374652325795
ENSG00000231870.4,12.604466996552151
ENSG00000231913.1,17.422647952555202
ENSG00000231925.11,9.161785000142533
ENSG00000232002.1,10.398912495178667
ENSG00000232022.7,7.712012423613574
ENSG00000232065.1,9.223795309669597
ENSG00000232084.5,18.494749679886958
ENSG00000232218.1,22.376309689158745
ENSG00000232324.1,8.805804393839578
ENSG00000232387.2,8.770226359900294
ENSG00000232437.1,9.290508270542219
ENSG00000232464.1,12.33484762203084
ENSG00000232482.2,10.647369874554487
ENSG00000232490.6,20.6190936491926
ENSG00000232517.2,11.055641272144483
ENSG00000232556.1,33.853632065259674
ENSG00000232564.3,18.15985691491789
ENSG00000232591.1,9.29748405748739
ENSG00000232677.6,18.912987461801894
ENSG00000232680.2,27.731577517637582
ENSG00000232684.1,7.386051880116126
ENSG00000232728.1,10.398912495178665
ENSG00000232750.2,23.24048617467145
ENSG00000232768.1,9.533622487247905
ENSG00000232793.2,38.49972229021449
ENSG00000232810.3,9.734068556105816
ENSG00000232846.1,12.256099894404166
ENSG00000232872.2,11.803486145927076
ENSG00000232900.1,10.398912495178667
ENSG00000232903.2,19.67701662823042
ENSG00000232908.3,27.97120454545017
ENSG00000232928.2,13.06957322978359
ENSG00000232981.1,25.47235204708015
ENSG00000233024.7,19.229269372074143
ENSG00000233028.1,14.738217734905952
ENSG00000233045.1,10.499903058883252
ENSG00000233072.1,8.597855207787129
ENSG00000233098.8,12.602632760363866
ENSG00000233134.1,8.5801446799287
ENSG00000233250.1,8.875697647659955
ENSG00000233256.1,38.49972229021449
ENSG00000233303.1,7.429682600359355
ENSG00000233311.1,9.017540652728776
ENSG00000233366.1,8.047731756331581
ENSG00000233471.2,20.047664477917127
ENSG00000233478.1,8.49550877875035
ENSG00000233538.1,39.796764416326766
ENSG00000233559.1,9.042083801019238
ENSG00000233586.1,24.73214134663445
ENSG00000233594.2,37.70566875241639
ENSG00000233622.2,18.38005882138753
ENSG00000233633.1,23.7409817052892
ENSG00000233635.2,9.981322332668977
ENSG00000233662.1,7.788712656408471
ENSG00000233671.1,34.52475988903981
ENSG00000233717.1,8.427139794375442
ENSG00000233822.4,7.33042657064825
ENSG00000233830.2,14.179613473321691
ENSG00000233877.2,10.434173132730816
ENSG00000233888.2,10.485957298423193
ENSG00000233910.1,10.398912495178672
ENSG00000233912.1,21.00975082938326
ENSG00000233975.1,10.890540541444889
ENSG00000234040.3,9.137939241380819
ENSG00000234042.1,12.111714674060174
ENSG00000234088.1,10.398912495178672
ENSG00000234091.1,26.340107663930176
ENSG00000234142.1,19.38983814932467
ENSG00000234271.1,10.424337511513707
ENSG00000234274.1,12.471308554177778
ENSG00000234279.1,34.69696520482739
ENSG00000234311.1,9.389206525284747
ENSG00000234340.1,38.49972229021449
ENSG00000234369.1,19.18257382714739
ENSG00000234436.1,18.02837990302354
ENSG00000234465.10,13.026966388798618
ENSG00000234496.2,10.48285203213992
ENSG00000234500.1,8.41395534731019
ENSG00000234573.1,10.098296012584322
ENSG00000234650.5,7.761623536793497
ENSG00000234689.1,14.244295996321739
ENSG00000234695.1,11.562543171720591
ENSG00000234871.1,9.363092586709527
ENSG00000234912.11,9.743851580832779
ENSG00000234981.1,8.18459044883814
ENSG00000235027.1,15.781457307258313
ENSG00000235090.1,16.69481632365744
ENSG00000235145.2,13.413473005014165
ENSG00000235183.3,23.45489056598778
ENSG00000235185.1,8.166681344530973
ENSG00000235186.1,27.15981078167564
ENSG00000235253.1,25.309196905256513
ENSG00000235277.1,13.252985783722607
ENSG00000235285.1,10.842498765170529
ENSG00000235301.1,13.106082766323116
ENSG00000235313.1,8.568986563429
ENSG00000235366.2,34.71210264254775
ENSG00000235414.3,36.47488123596616
ENSG00000235433.1,9.698175226671346
ENSG00000235574.1,16.379988987733753
ENSG00000235733.2,22.61531336600752
ENSG00000235740.1,10.440186308301595
ENSG00000235763.1,12.745029845319273
ENSG00000235785.1,8.899344519938298
ENSG00000235885.7,20.772534929598095
ENSG00000235902.1,38.49972229021449
ENSG00000235908.1,7.352410199109828
ENSG00000235931.2,8.74889977900939
ENSG00000236003.1,12.069065178430709
ENSG00000236021.1,14.680478858411108
ENSG00000236075.1,11.587491036480609
ENSG00000236095.1,12.923831333928357
ENSG00000236132.1,20.186306939889594
ENSG00000236188.1,8.860439655339583
ENSG00000236197.3,7.7435552265005505
ENSG00000236200.5,12.158197479945375
ENSG00000236278.2,14.146937203827168
ENSG00000236327.2,8.3454058128596
ENSG00000236398.2,11.177898037351532
ENSG00000236457.1,12.158226202798584
ENSG00000236471.1,10.398912495178665
ENSG00000236528.1,11.83592111919738
ENSG00000236535.1,10.157463301512934
ENSG00000236540.7,9.365441951018141
ENSG00000236572.1,9.737889073779439
ENSG00000236653.2,11.751558880702495
ENSG00000236714.1,15.31351733805468
ENSG00000236741.4,39.9522129619063
ENSG00000236807.1,31.083805252121604
ENSG00000236866.5,11.507136003318344
ENSG00000236940.1,10.439268512502181
ENSG00000236947.5,31.573399625918867
ENSG00000236986.6,14.122828728556716
ENSG00000237037.9,14.24154778504137
ENSG00000237054.9,11.365779959402772
ENSG00000237118.3,12.432486432999585
ENSG00000237235.2,9.045708135080567
ENSG00000237281.1,7.587355337837449
ENSG00000237292.1,11.980515017050454
ENSG00000237311.1,9.375822517445222
ENSG00000237351.1,11.32398083147605
ENSG00000237373.1,9.237824815895227
ENSG00000237387.1,10.15574206113449
ENSG00000237500.1,38.49972229021447
ENSG00000237513.1,10.065675609166867
ENSG00000237542.1,9.965509174074516
ENSG00000237619.1,42.21160062291325
ENSG00000237636.2,7.6830950522684685
ENSG00000237637.1,8.586537355925518
ENSG00000237638.1,14.833937904371158
ENSG00000237738.1,15.975044449680613
ENSG00000237790.1,38.49972229021447
ENSG00000237793.3,8.21678331000008
ENSG00000237846.1,14.978506774127872
ENSG00000237870.6,38.49972229021447
ENSG00000237872.4,8.548726450931301
ENSG00000237899.1,7.692917887140524
ENSG00000237903.1,11.378947687156488
ENSG00000237976.1,7.5306371291024865
ENSG00000238005.2,14.013429921474973
ENSG00000238057.8,25.559765572184574
ENSG00000238123.1,12.189132642979612
ENSG00000238140.1,12.96761818474953
ENSG00000238164.6,7.297842003470451
ENSG00000238185.1,10.398912495178665
ENSG00000238198.1,12.859850928843148
ENSG00000238224.1,10.398912495178672
ENSG00000238326.1,8.313291540185116
ENSG00000238374.1,18.211864581844697
ENSG00000238441.1,38.49972229021449
ENSG00000238446.1,16.58858984700802
ENSG00000238447.1,10.864809733562927
ENSG00000238457.1,7.3238840555499625
ENSG00000238503.1,7.808400583220321
ENSG00000238685.1,28.000700224193494
ENSG00000238782.1,38.49972229021449
ENSG00000238959.1,9.998354060227667
ENSG00000238964.1,12.189127246625862
ENSG00000239096.1,13.595090083023525
ENSG00000239168.1,38.49972229021449
ENSG00000239265.5,7.878738842791911
ENSG00000239291.1,13.012123839385621
ENSG00000239350.2,10.4491933749321
ENSG00000239437.3,15.810391808260242
ENSG00000239453.1,16.72455868732287
ENSG00000239486.1,8.986617169976947
ENSG00000239503.1,24.214781421913266
ENSG00000239649.3,29.84688275433696
ENSG00000239653.1,7.661611636284518
ENSG00000239659.2,10.398912495178665
ENSG00000239670.1,9.105354465269173
ENSG00000239686.1,13.516095218387907
ENSG00000239705.1,9.99870934363483
ENSG00000239722.1,14.680077426510302
ENSG00000239744.3,12.790550011596098
ENSG00000239774.1,15.5434816209785
ENSG00000239910.3,7.490639125053336
ENSG00000239948.2,23.31525806073432
ENSG00000239994.2,10.398912495178665
ENSG00000240015.2,13.351183131895585
ENSG00000240074.1,16.18811880537663
ENSG00000240183.3,19.17260512902145
ENSG00000240233.3,13.15733814024993
ENSG00000240265.1,15.816804158458549
ENSG00000240299.3,14.861036589709482
ENSG00000240305.1,12.609894168968562
ENSG00000240395.1,10.131884913576531
ENSG00000240401.8,10.685441071164595
ENSG00000240474.3,8.258589993537932
ENSG00000240724.2,8.64135382293671
ENSG00000240729.1,9.277165993649778
ENSG00000240739.1,8.721262599356198
ENSG00000240767.3,36.678086799134846
ENSG00000240790.1,12.188477081170356
ENSG00000240905.3,7.698703447496781
ENSG00000240929.2,11.047970012733298
ENSG00000241003.1,15.529043643756301
ENSG00000241067.2,14.032232633418811
ENSG00000241123.1,10.398912495178672
ENSG00000241155.1,11.897058817208531
ENSG00000241163.7,12.378238975143406
ENSG00000241219.1,14.006878062101205
ENSG00000241221.2,10.398912495178667
ENSG00000241246.3,38.49972229021447
ENSG00000241420.3,11.288487980382126
ENSG00000241487.3,38.49972229021447
ENSG00000241489.7,9.309450385638408
ENSG00000241529.3,9.63051194278399
ENSG00000241651.4,12.086418116251302
ENSG00000241652.3,8.88870085500927
ENSG00000241941.2,11.709159893588172
ENSG00000241946.1,38.49972229021449
ENSG00000241954.1,16.77581693955724
ENSG00000241956.9,27.621155902191227
ENSG00000242014.3,8.541023051881265
ENSG00000242028.6,30.656458841636166
ENSG00000242113.3,71.42513869241172
ENSG00000242242.5,12.418835126871276
ENSG00000242251.3,8.54646306936048
ENSG00000242288.9,27.448678017701766
ENSG00000242290.2,12.339692557119083
ENSG00000242330.3,16.204235817961354
ENSG00000242522.1,9.545080881435545
ENSG00000242607.1,8.729010366071286
ENSG00000242609.1,8.146452994518885
ENSG00000242611.2,33.3850544965513
ENSG00000242615.1,9.289032453389964
ENSG00000242719.3,11.713940500338206
ENSG00000242829.1,20.246366800111133
ENSG00000242853.3,9.142292492859259
ENSG00000242889.3,16.169941276120657
ENSG00000243004.5,8.028109553298227
ENSG00000243101.1,9.805116055862896
ENSG00000243155.1,15.382287603987029
ENSG00000243227.3,13.810208121600423
ENSG00000243313.2,11.248181696446657
ENSG00000243339.3,29.065196665485118
ENSG00000243370.3,9.513057176209223
ENSG00000243398.3,10.51969748070822
ENSG00000243404.2,9.185588347030498
ENSG00000243437.3,10.993868493851288
ENSG00000243642.3,20.913115781553937
ENSG00000243648.1,11.045070558430886
ENSG00000243702.3,10.119382508114874
ENSG00000243811.8,8.825866629925269
ENSG00000243845.3,12.017584925637589
ENSG00000243914.1,19.518982281046423
ENSG00000243968.2,9.43336876954654
ENSG00000243986.2,20.82415050781111
ENSG00000244038.9,10.325535913075582
ENSG00000244053.1,38.49972229021449
ENSG00000244116.3,17.109972812249453
ENSG00000244203.2,12.896509292772052
ENSG00000244232.3,13.203706769277284
ENSG00000244236.3,10.7456848991805
ENSG00000244256.3,13.127512242779401
ENSG00000244286.1,13.494086595141926
ENSG00000244332.1,8.750685485221524
ENSG00000244346.1,12.606167418031529
ENSG00000244378.1,11.33913283265706
ENSG00000244422.3,10.398912495178672
ENSG00000244482.10,8.19529728761194
ENSG00000244502.2,13.302334921909651
ENSG00000244512.3,10.429814238386196
ENSG00000244756.1,10.703476730152829
ENSG00000245869.2,29.770318328603633
ENSG00000245888.6,7.8436831457931095
ENSG00000246016.2,8.806936499875874
ENSG00000246582.2,8.109355501309414
ENSG00000246863.2,8.757271571684829
ENSG00000247402.2,10.398912495178667
ENSG00000247516.6,11.025104367361104
ENSG00000247853.2,8.634567389716334
ENSG00000248152.1,10.398912495178665
ENSG00000248180.1,16.90373766608322
ENSG00000248200.2,13.59700854310576
ENSG00000248210.1,10.398912495178667
ENSG00000248222.5,10.398912495178672
ENSG00000248223.1,10.398912495178667
ENSG00000248249.1,9.826607258122724
ENSG00000248317.1,19.208085723618634
ENSG00000248475.5,18.871896030673668
ENSG00000248483.6,7.94325084353215
ENSG00000248517.1,9.078851064937144
ENSG00000248545.2,10.398912495178672
ENSG00000248585.2,8.846576639990598
ENSG00000248677.1,7.301719797772273
ENSG00000248757.2,8.169612703886628
ENSG00000248780.1,15.395068393890975
ENSG00000248787.1,14.495342365913364
ENSG00000248803.1,24.3383393368356
ENSG00000248846.2,14.015615592942856
ENSG00000248885.1,13.374319906793229
ENSG00000248955.1,10.398912495178672
ENSG00000249036.1,7.469354074392708
ENSG00000249069.7,14.737855392673126
ENSG00000249114.1,30.84746804975172
ENSG00000249173.5,12.301151282593544
ENSG00000249174.1,18.600875350446866
ENSG00000249222.1,16.58907993732407
ENSG00000249241.1,13.512116472891213
ENSG00000249242.7,7.949146139560277
ENSG00000249286.1,8.61437715069582
ENSG00000249459.8,9.466955121563991
ENSG00000249493.1,39.190395186838934
ENSG00000249545.1,15.328709543548076
ENSG00000249551.1,18.5834379736621
ENSG00000249593.6,16.94483250626433
ENSG00000249649.1,9.664856498524772
ENSG00000249654.1,9.389069533894494
ENSG00000249658.1,38.49972229021447
ENSG00000249734.1,15.027526165830519
ENSG00000249773.3,8.174477151656655
ENSG00000249840.2,8.162572799124476
ENSG00000249870.1,9.289091940176188
ENSG00000249906.1,26.840763652891283
ENSG00000249973.2,38.49972229021449
ENSG00000250041.2,31.40804386116705
ENSG00000250069.1,7.380348571126865
ENSG00000250075.5,14.472891735207615
ENSG00000250195.1,7.4775003478410085
ENSG00000250214.1,8.49283679676077
ENSG00000250260.1,8.478734007137504
ENSG00000250383.1,17.41412064986832
ENSG00000250415.1,16.105875912490887
ENSG00000250447.5,38.49972229021449
ENSG00000250461.1,9.174479248600587
ENSG00000250535.1,11.189683282517922
ENSG00000250541.1,13.854611507806666
ENSG00000250548.6,18.932612135262005
ENSG00000250568.1,14.675996577981039
ENSG00000250569.1,12.837870925121617
ENSG00000250574.1,16.33070179372888
ENSG00000250613.1,11.407895091099078
ENSG00000250635.1,9.12876581928494
ENSG00000250643.1,16.452968823346065
ENSG00000250659.2,25.410757778898496
ENSG00000250686.2,16.280054607770452
ENSG00000250706.1,8.312775477538512
ENSG00000250781.1,19.737752131006882
ENSG00000250827.1,38.49972229021449
ENSG00000250869.2,17.46221550774032
ENSG00000250955.1,7.57658115754825
ENSG00000251106.1,10.398912495178672
ENSG00000251139.2,16.579918189211057
ENSG00000251186.1,8.90166664248109
ENSG00000251224.1,9.315630419205227
ENSG00000251230.5,9.605935949321498
ENSG00000251237.1,10.480366958799753
ENSG00000251297.1,10.756153407536965
ENSG00000251301.6,8.205586926800477
ENSG00000251393.3,8.075139522523289
ENSG00000251438.1,17.485261016322525
ENSG00000251516.1,17.266020757484128
ENSG00000251586.1,9.23734337411612
ENSG00000251648.2,16.094298079645355
ENSG00000251665.1,9.401887234189978
ENSG00000251666.1,12.709850945343014
ENSG00000251756.1,8.129939424577723
ENSG00000251839.1,11.760656176229329
ENSG00000251888.1,12.726459840354082
ENSG00000251890.1,9.356849245581742
ENSG00000252019.1,10.30042772536984
ENSG00000252021.1,19.899006561970427
ENSG00000252118.1,14.470806361932114
ENSG00000252122.1,9.484187814346875
ENSG00000252200.1,8.775053782287083
ENSG00000252242.1,14.922670400926084
ENSG00000252361.1,8.408975750557753
ENSG00000252422.1,38.49972229021449
ENSG00000252591.1,38.49972229021447
ENSG00000252615.1,15.28494968306451
ENSG00000252640.1,18.407633299722626
ENSG00000252657.1,8.725874700655552
ENSG00000252798.1,10.398912495178667
ENSG00000252859.1,8.399130133156572
ENSG00000252906.1,7.855704602727837
ENSG00000252913.1,14.64469984046907
ENSG00000252934.1,17.240162793035537
ENSG00000252951.1,11.033681388486727
ENSG00000252965.1,20.890261378365835
ENSG00000252993.1,46.50220223155097
ENSG00000253042.1,8.252379331943537
ENSG00000253043.1,7.3893064919131515
ENSG00000253058.1,26.692365799488137
ENSG00000253116.1,9.908660712049386
ENSG00000253142.1,19.681602434072765
ENSG00000253173.3,9.032456551875114
ENSG00000253218.1,10.83150439989084
ENSG00000253227.1,14.203722723599281
ENSG00000253228.1,7.7911428069093445
ENSG00000253265.1,13.849174046112541
ENSG00000253273.2,8.442496666764644
ENSG00000253335.1,10.398912495178665
ENSG00000253408.5,11.381234617393876
ENSG00000253445.1,30.813688414162982
ENSG00000253452.5,12.321761634352331
ENSG00000253457.2,16.99147119769153
ENSG00000253475.1,11.503976816176886
ENSG00000253487.1,19.068714401298923
ENSG00000253515.1,7.959675252483674
ENSG00000253558.1,10.326553896613488
ENSG00000253619.1,7.807462605507675
ENSG00000253625.1,12.766844053053862
ENSG00000253633.1,8.376901203625078
ENSG00000253730.1,13.104220938318708
ENSG00000253774.1,38.49972229021447
ENSG00000253887.1,10.398912495178672
ENSG00000253906.1,38.49972229021447
ENSG00000253917.4,38.49972229021447
ENSG00000253957.1,9.372965519762886
ENSG00000253981.5,8.528583139261716
ENSG00000253998.3,8.377273838416862
ENSG00000254016.2,16.17229070246066
ENSG00000254028.1,7.9915270300285215
ENSG00000254039.1,10.398912495178667
ENSG00000254077.1,19.457905560641457
ENSG00000254098.1,11.426195690752785
ENSG00000254130.1,38.49972229021449
ENSG00000254248.1,14.746743755391321
ENSG00000254281.1,12.269253276455046
ENSG00000254325.2,19.211039481145974
ENSG00000254363.6,8.256836504554215
ENSG00000254367.5,12.646877925833863
ENSG00000254388.1,7.643848043595332
ENSG00000254449.1,13.648783875224936
ENSG00000254450.1,18.06413416797006
ENSG00000254455.1,11.236457820629527
ENSG00000254459.1,11.221554957664729
ENSG00000254505.9,7.49926925608819
ENSG00000254577.1,7.5898372744085325
ENSG00000254653.1,7.910188409365089
ENSG00000254671.2,7.710789488424886
ENSG00000254697.1,38.49972229021447
ENSG00000254740.2,18.815627781466358
ENSG00000254760.1,10.939776562452082
ENSG00000254813.5,7.888893850758137
ENSG00000254851.1,10.040726790834995
ENSG00000254856.1,12.668607752681307
ENSG00000254986.7,8.652163772544162
ENSG00000254990.5,9.80152842462067
ENSG00000255002.1,7.306869494554599
ENSG00000255038.1,7.7556755680969784
ENSG00000255074.1,10.924534624502142
ENSG00000255118.1,7.812789050586001
ENSG00000255135.3,8.779815230841425
ENSG00000255141.1,12.925766542659641
ENSG00000255144.1,9.911276764248733
ENSG00000255152.8,10.332488925141853
ENSG00000255183.1,10.398912495178667
ENSG00000255185.5,13.483847809058563
ENSG00000255189.1,22.659933371924318
ENSG00000255197.5,15.351233901989591
ENSG00000255247.1,12.68085653526703
ENSG00000255314.2,12.443041663637967
ENSG00000255321.1,17.10486561250964
ENSG00000255358.1,14.706925931081166
ENSG00000255363.2,9.702191750922202
ENSG00000255421.1,11.016577838671859
ENSG00000255458.5,7.825399645902197
ENSG00000255565.1,12.860526520129866
ENSG00000255641.1,16.957617226394245
ENSG00000255650.5,8.252998812577776
ENSG00000255680.1,8.94777870142174
ENSG00000255857.5,10.780611689356359
ENSG00000255858.1,22.37675622097769
ENSG00000255899.1,10.398912495178667
ENSG00000256008.2,27.05508503998371
ENSG00000256084.1,10.320647400813122
ENSG00000256108.1,10.581603334127458
ENSG00000256150.2,14.319488079809133
ENSG00000256243.2,17.071533550491843
ENSG00000256314.1,15.649438268640555
ENSG00000256349.1,19.016489617768375
ENSG00000256469.1,24.595493072463917
ENSG00000256474.1,24.634170939742795
ENSG00000256591.5,7.785617941462884
ENSG00000256783.1,21.688665006237517
ENSG00000256802.2,17.556804051131195
ENSG00000256843.1,19.49252246810566
ENSG00000256968.1,9.621318806732605
ENSG00000257069.6,11.892548275784211
ENSG00000257103.8,7.755706300942304
ENSG00000257202.1,12.672238362031177
ENSG00000257243.1,8.735973116357254
ENSG00000257285.5,8.105053214360098
ENSG00000257302.1,38.49972229021449
ENSG00000257355.1,10.398912495178672
ENSG00000257453.1,11.696794754223705
ENSG00000257475.2,20.32693758672634
ENSG00000257480.1,17.403634567899182
ENSG00000257605.2,7.3051676738454
ENSG00000257621.7,9.57379804895115
ENSG00000257639.1,16.175723045948647
ENSG00000257640.1,7.3276928959174
ENSG00000257671.1,17.271032007921967
ENSG00000257683.1,16.41441026493379
ENSG00000257740.1,12.751473570151887
ENSG00000257837.1,9.08485486180727
ENSG00000257913.2,12.987758748693707
ENSG00000257918.1,8.545850645359938
ENSG00000257949.6,20.265011740048664
ENSG00000257957.1,8.500640196605808
ENSG00000258017.1,13.942070584701966
ENSG00000258028.1,7.751076496510705
ENSG00000258035.1,38.4179801917809
ENSG00000258082.1,13.660671481656838
ENSG00000258102.3,8.414937834665526
ENSG00000258140.1,34.96583081666338
ENSG00000258153.1,26.93979834752942
ENSG00000258172.1,23.727149502347125
ENSG00000258274.1,16.37030869072783
ENSG00000258303.1,11.404841168426444
ENSG00000258311.5,9.925462404459301
ENSG00000258337.1,11.464202005361471
ENSG00000258420.1,10.398912495178665
ENSG00000258437.1,12.913047607576338
ENSG00000258448.1,11.72053017274088
ENSG00000258458.5,10.639033901677657
ENSG00000258465.6,11.826271790687006
ENSG00000258527.1,10.449774262423837
ENSG00000258555.6,8.654234392737573
ENSG00000258562.2,7.412597364659971
ENSG00000258581.2,17.042617754181894
ENSG00000258602.1,9.238178724017079
ENSG00000258623.1,11.765059235635485
ENSG00000258643.5,12.15083064737766
ENSG00000258667.1,12.58281080445629
ENSG00000258694.1,16.802488570953418
ENSG00000258820.5,14.644937570896392
ENSG00000258872.2,29.873272206719303
ENSG00000258886.2,8.877004273189621
ENSG00000258925.2,14.51180452266573
ENSG00000258928.1,29.679369275260356
ENSG00000258962.2,8.194211875983845
ENSG00000258973.1,11.064869982702952
ENSG00000259002.2,8.921968275259324
ENSG00000259099.2,38.49972229021449
ENSG00000259161.2,8.598240985925909
ENSG00000259177.1,37.197501039331684
ENSG00000259192.1,8.798558246812224
ENSG00000259270.1,20.181248580558112
ENSG00000259273.1,24.805222998388757
ENSG00000259274.1,12.8842558315851
ENSG00000259294.1,9.802512131826198
ENSG00000259335.1,8.587085951188666
ENSG00000259371.2,8.916305277531233
ENSG00000259374.2,20.288387706982384
ENSG00000259384.6,12.276956995948677
ENSG00000259390.2,12.008539611207551
ENSG00000259396.1,12.110348058707118
ENSG00000259398.1,11.048887348103136
ENSG00000259402.1,8.30821030276568
ENSG00000259438.1,10.881331981040578
ENSG00000259446.5,35.74643674871709
ENSG00000259463.1,11.34968341194357
ENSG00000259465.2,18.13659440990735
ENSG00000259474.1,12.226401006926986
ENSG00000259482.1,7.5515229084836815
ENSG00000259499.1,15.004640215544274
ENSG00000259508.1,27.054729307733858
ENSG00000259564.1,7.531868223966361
ENSG00000259600.2,17.961125338222665
ENSG00000259617.1,17.916251448656862
ENSG00000259651.2,8.289923863156309
ENSG00000259654.1,11.479777605770076
ENSG00000259659.1,7.535746083104047
ENSG00000259710.1,13.384842477053956
ENSG00000259717.1,12.340611231841786
ENSG00000259767.1,11.846812540134
ENSG00000259815.1,10.398912495178672
ENSG00000259821.1,9.537251935017949
ENSG00000259874.1,9.219116314826216
ENSG00000259904.1,11.203593384196228
ENSG00000259921.1,22.88989001591845
ENSG00000259924.1,21.23748598302453
ENSG00000259926.1,13.772204691698754
ENSG00000259928.1,7.9223079006871515
ENSG00000259954.1,20.51556729414299
ENSG00000260012.1,10.62158268269856
ENSG00000260031.1,39.45086041142283
ENSG00000260112.1,13.204157867740289
ENSG00000260177.1,8.394083566594126
ENSG00000260228.5,8.482581336337201
ENSG00000260238.6,8.867318382647408
ENSG00000260257.2,15.045552526803469
ENSG00000260351.1,13.469809972649681
ENSG00000260361.1,10.805324318986038
ENSG00000260443.1,15.5705837229165
ENSG00000260487.1,9.173700050141537
ENSG00000260514.1,11.073616459470603
ENSG00000260576.1,20.482428131262278
ENSG00000260616.6,15.041811752362225
ENSG00000260621.1,15.341934672967106
ENSG00000260635.1,11.834207578465678
ENSG00000260714.1,9.123586248697762
ENSG00000260723.1,7.837849616155756
ENSG00000260733.1,19.828217980960623
ENSG00000260735.1,21.511671160515643
ENSG00000260788.5,18.834318638654302
ENSG00000260816.2,10.982710575739238
ENSG00000260882.1,7.8157039442085114
ENSG00000260908.1,17.250131695278803
ENSG00000260918.1,7.365230307829147
ENSG00000260919.1,16.795628457121836
ENSG00000260928.2,24.69605012414545
ENSG00000261024.7,15.517975395464656
ENSG00000261030.1,38.24892514780805
ENSG00000261049.2,18.504205432341124
ENSG00000261089.1,21.534252909489425
ENSG00000261205.2,27.028916796749073
ENSG00000261216.1,33.761037896590736
ENSG00000261218.5,9.977745114907357
ENSG00000261226.1,9.291596986621823
ENSG00000261248.1,28.843431263406803
ENSG00000261329.5,10.1488785724552
ENSG00000261332.1,12.498976728748808
ENSG00000261341.6,9.493802274378684
ENSG00000261346.1,12.22897009406774
ENSG00000261348.1,8.106931781459306
ENSG00000261357.1,8.046491325766226
ENSG00000261394.1,14.093491977637996
ENSG00000261399.1,7.693190515248483
ENSG00000261442.1,10.093123739481085
ENSG00000261444.1,14.840605716167273
ENSG00000261474.1,13.224200427561751
ENSG00000261491.1,15.51418428648907
ENSG00000261535.1,13.56956912007811
ENSG00000261560.1,12.681152807444604
ENSG00000261568.1,25.52387686523705
ENSG00000261573.1,13.189248588894726
ENSG00000261592.1,20.86401221312835
ENSG00000261603.1,15.695286357095286
ENSG00000261609.5,8.700117353435887
ENSG00000261615.6,38.49972229021449
ENSG00000261620.1,19.442475326055163
ENSG00000261630.1,13.684591536043584
ENSG00000261736.1,13.333912909670431
ENSG00000261758.1,11.337720247103476
ENSG00000261780.2,38.49972229021449
ENSG00000261789.1,15.501374362441185
ENSG00000261838.5,27.67836683604507
ENSG00000261872.1,15.487344970857365
ENSG00000262074.6,10.119180738024667
ENSG00000262081.2,13.80899436357794
ENSG00000262147.1,10.555298718878335
ENSG00000262179.2,8.200493190159278
ENSG00000262202.4,26.0968773320602
ENSG00000262380.1,10.285716080294296
ENSG00000262400.1,9.254483492812083
ENSG00000262477.1,8.286754467078806
ENSG00000262480.2,13.52912904744345
ENSG00000262810.1,19.683501418052114
ENSG00000262815.1,11.80330725854811
ENSG00000262884.1,9.373797204510605
ENSG00000262919.7,7.727667460089945
ENSG00000263072.6,8.107991124461838
ENSG00000263096.1,28.476591746407014
ENSG00000263120.1,7.711072812359824
ENSG00000263159.1,8.59503075275499
ENSG00000263207.2,10.398912495178667
ENSG00000263220.1,14.464846106811105
ENSG00000263257.1,9.060648163429423
ENSG00000263276.1,23.226587950096764
ENSG00000263312.1,7.823856541815131
ENSG00000263331.1,15.392900590338447
ENSG00000263335.1,20.803848342820192
ENSG00000263368.1,28.903447721772537
ENSG00000263410.2,26.693634871430184
ENSG00000263466.1,9.593268647850852
ENSG00000263501.1,7.486070227296935
ENSG00000263641.1,13.412299978967972
ENSG00000263731.1,16.166641552886766
ENSG00000263787.1,16.324014432603718
ENSG00000263793.1,14.584139827468551
ENSG00000263818.5,7.730028010304717
ENSG00000263858.1,8.352470579672524
ENSG00000263905.2,10.77244192759786
ENSG00000263934.4,16.493040638800323
ENSG00000263940.2,9.355400384244474
ENSG00000264071.2,23.59429850205377
ENSG00000264083.1,7.520533727349115
ENSG00000264148.1,9.29703915157532
ENSG00000264229.1,7.390073930757769
ENSG00000264371.1,12.509124951666177
ENSG00000264438.2,10.251212554822311
ENSG00000264480.1,7.91260957342556
ENSG00000264484.2,7.9845697301694525
ENSG00000264513.1,7.615838908380823
ENSG00000264548.1,15.007645641892168
ENSG00000264559.1,13.31419019658741
ENSG00000264707.1,11.4983224711412
ENSG00000264754.1,20.623088946907906
ENSG00000264757.1,25.704013227362548
ENSG00000264829.1,10.014507429367164
ENSG00000264881.1,12.02599971842815
ENSG00000264910.2,16.89761575327888
ENSG00000264940.4,37.84036937056793
ENSG00000265093.2,8.70431238363732
ENSG00000265100.1,14.230743546481401
ENSG00000265123.2,25.805653169125705
ENSG00000265148.5,17.54218085692586
ENSG00000265222.1,18.12788250760423
ENSG00000265253.1,16.42839452018305
ENSG00000265260.2,9.472985691307107
ENSG00000265261.1,12.59055176945886
ENSG00000265272.2,15.177194051968318
ENSG00000265316.1,8.3406928202327
ENSG00000265327.2,12.058110237017074
ENSG00000265333.1,14.834032478486712
ENSG00000265453.1,9.200629613206646
ENSG00000265462.1,15.819060169722047
ENSG00000265713.1,15.17189776485805
ENSG00000265739.1,26.760775588290077
ENSG00000265777.2,8.177391184730894
ENSG00000265791.1,8.024744608311787
ENSG00000265815.1,33.49542259654932
ENSG00000265863.1,16.166066605642975
ENSG00000265929.1,11.233151602846707
ENSG00000266100.1,12.36906960895508
ENSG00000266158.2,19.30828693744108
ENSG00000266187.2,10.310596176317215
ENSG00000266203.1,47.116053671522366
ENSG00000266228.1,10.482574032012845
ENSG00000266268.5,11.017492731185833
ENSG00000266278.1,21.90499526100568
ENSG00000266312.1,47.65739437240302
ENSG00000266369.1,59.36395973579073
ENSG00000266433.6,10.398912495178665
ENSG00000266458.1,28.688094419265987
ENSG00000266497.1,9.617265751190887
ENSG00000266498.1,9.681559811263584
ENSG00000266541.1,11.4359519832081
ENSG00000266563.1,9.332609354026953
ENSG00000266651.1,16.949589761876084
ENSG00000266677.1,9.489905746153156
ENSG00000266693.1,38.49972229021447
ENSG00000266698.1,11.592972772590059
ENSG00000266717.1,12.482370127290665
ENSG00000266844.1,20.118836123994207
ENSG00000266863.2,14.278812685080148
ENSG00000266913.1,10.254252691584357
ENSG00000266953.6,38.49972229021447
ENSG00000266967.6,8.024167256875739
ENSG00000266994.1,13.29952640678325
ENSG00000267000.1,38.49972229021447
ENSG00000267004.1,11.393591051153967
ENSG00000267011.5,13.023031788628698
ENSG00000267040.6,8.778701732644477
ENSG00000267100.1,12.763365932999847
ENSG00000267109.1,13.096318063883214
ENSG00000267120.3,14.193002240217837
ENSG00000267147.2,8.328086044236933
ENSG00000267169.1,11.878467525184217
ENSG00000267199.1,13.544667580023646
ENSG00000267222.1,15.894150355885909
ENSG00000267228.7,32.60177375701919
ENSG00000267234.1,37.55907425626517
ENSG00000267255.1,12.571048197569368
ENSG00000267257.1,15.133174601660594
ENSG00000267281.2,13.221560071674205
ENSG00000267288.2,8.38945646185698
ENSG00000267361.1,8.444099534211945
ENSG00000267365.1,10.706843686202234
ENSG00000267368.1,40.286325614206724
ENSG00000267373.1,10.142752116177546
ENSG00000267401.1,38.49972229021447
ENSG00000267413.1,7.607246842287651
ENSG00000267440.1,13.653354508453873
ENSG00000267455.1,20.249122735634668
ENSG00000267504.1,13.503232017132657
ENSG00000267519.5,21.12499378315336
ENSG00000267524.1,38.49972229021447
ENSG00000267532.5,8.966090522154612
ENSG00000267534.2,16.472430635180576
ENSG00000267549.5,7.374172238908891
ENSG00000267559.5,13.21377709066996
ENSG00000267583.5,10.943828317989645
ENSG00000267645.5,13.095171543323058
ENSG00000267703.1,12.677438584795684
ENSG00000267734.1,15.531376231447204
ENSG00000267784.1,10.020804269146893
ENSG00000267787.5,9.76397960831197
ENSG00000267838.2,7.66098482428041
ENSG00000267858.5,12.69435011171165
ENSG00000267895.1,7.478462783890886
ENSG00000267904.1,8.334384360571072
ENSG00000267959.3,19.422894276959365
ENSG00000267986.1,15.200508052174682
ENSG00000268015.1,18.28267551131074
ENSG00000268051.1,23.252528953674588
ENSG00000268081.1,12.13763393480426
ENSG00000268154.2,16.567175841052745
ENSG00000268173.3,14.24853468075262
ENSG00000268184.1,10.398912495178667
ENSG00000268267.1,16.265633110937635
ENSG00000268336.1,7.519496095011233
ENSG00000268362.5,16.86192688068279
ENSG00000268403.2,15.321721680350482
ENSG00000268423.4,14.289779793040239
ENSG00000268438.1,10.758026647131029
ENSG00000268531.3,10.398912495178665
ENSG00000268614.1,12.97541098229674
ENSG00000268635.2,11.669366538782935
ENSG00000268987.1,9.264390927881257
ENSG00000269066.1,26.959116717508984
ENSG00000269220.1,10.157543242091588
ENSG00000269244.1,30.784879976582765
ENSG00000269303.1,10.619731530397335
ENSG00000269419.1,38.49972229021449
ENSG00000269431.1,17.42731419090717
ENSG00000269463.1,11.949782176478628
ENSG00000269480.1,14.639565199971328
ENSG00000269481.1,7.722106284050369
ENSG00000269560.1,42.11920519465731
ENSG00000269583.1,8.732160434826543
ENSG00000269646.1,13.751392613861267
ENSG00000269776.1,10.636874376108283
ENSG00000269793.6,12.922199767902377
ENSG00000269806.1,9.051068944933535
ENSG00000269897.5,12.835547775398808
ENSG00000269898.1,31.386896561298606
ENSG00000269945.1,7.568941241328004
ENSG00000269955.2,7.72655631005318
ENSG00000269984.1,8.924419082204478
ENSG00000270072.1,8.505132237880018
ENSG00000270112.3,11.144186298888803
ENSG00000270236.1,26.067023172407175
ENSG00000270282.1,26.005600017770487
ENSG00000270323.1,8.02352362939903
ENSG00000270343.1,11.764380358617387
ENSG00000270421.1,15.135423212313249
ENSG00000270423.1,15.340111181868474
ENSG00000270426.1,26.5194227622691
ENSG00000270555.1,16.132031328732232
ENSG00000270577.1,7.60475458659557
ENSG00000270688.1,19.477482192676412
ENSG00000270706.1,20.94296812893705
ENSG00000270719.1,38.49972229021449
ENSG00000270722.1,17.80554569191902
ENSG00000270748.1,8.926250173923528
ENSG00000270776.1,38.49972229021449
ENSG00000270789.1,10.398912495178667
ENSG00000270802.2,7.307796689642493
ENSG00000270804.1,18.93022088321602
ENSG00000270808.1,10.905252600422191
ENSG00000270832.1,8.125017683590832
ENSG00000270882.2,9.176226205167305
ENSG00000270894.1,7.668625280759671
ENSG00000271129.1,19.021266252519027
ENSG00000271159.1,38.49972229021449
ENSG00000271199.1,13.560032509194713
ENSG00000271204.1,14.142821240262979
ENSG00000271207.1,18.02589711902352
ENSG00000271214.1,8.758896922291578
ENSG00000271402.1,8.884933689640459
ENSG00000271409.1,10.398912495178667
ENSG00000271538.5,13.211403322015107
ENSG00000271559.1,38.49972229021447
ENSG00000271598.1,11.183304162777707
ENSG00000271615.1,8.089848379937983
ENSG00000271717.1,10.882423403001173
ENSG00000271741.1,13.466291247372354
ENSG00000271742.1,7.910877659954551
ENSG00000271771.1,17.525481656035318
ENSG00000271789.1,7.322325558797543
ENSG00000271818.1,7.784795231554279
ENSG00000271852.1,9.336328825964102
ENSG00000271853.5,13.152737432626392
ENSG00000271895.2,9.080297988536154
ENSG00000272104.1,33.9828982042569
ENSG00000272173.1,9.918222781915832
ENSG00000272211.1,9.108973142076756
ENSG00000272219.1,12.003887382315941
ENSG00000272347.1,7.422921574904606
ENSG00000272374.1,11.960781183752959
ENSG00000272406.1,19.736993942076694
ENSG00000272444.1,21.739949652932616
ENSG00000272506.1,10.953831756951903
ENSG00000272536.2,15.19878422681641
ENSG00000272578.5,11.402161219102226
ENSG00000272588.1,13.830466783944601
ENSG00000272666.1,14.228685383802848
ENSG00000272690.5,8.938123325645563
ENSG00000272752.6,15.905246302970223
ENSG00000272856.1,17.041309504431126
ENSG00000272984.1,20.239891790037134
ENSG00000273004.1,31.97654599848717
ENSG00000273055.1,8.766769818109193
ENSG00000273124.1,7.648265360319234
ENSG00000273160.1,16.008753125490813
ENSG00000273218.1,8.470124705765818
ENSG00000273254.1,18.301038952304467
ENSG00000273319.1,10.71570976319044
ENSG00000273356.1,18.511362229702574
ENSG00000273424.1,12.623914178351221
ENSG00000273437.1,11.420540030953001
ENSG00000273450.1,8.638853040963633
ENSG00000273451.1,16.019683298199045
ENSG00000273473.1,14.369780876943413
ENSG00000273474.1,16.434473835297442
ENSG00000273540.3,30.885616646752403
ENSG00000273542.1,16.691539186863224
ENSG00000273657.1,25.756483699176037
ENSG00000273758.1,11.403240625959747
ENSG00000273768.1,25.897257545210984
ENSG00000273802.2,9.132142598726473
ENSG00000273870.1,7.828712602258914
ENSG00000273899.4,8.212016157855091
ENSG00000273957.1,7.55656726779166
ENSG00000273963.1,15.817188054263209
ENSG00000273976.1,10.398912495178667
ENSG00000273979.1,8.987682248598595
ENSG00000274008.1,14.791077778815755
ENSG00000274017.1,8.042197808757988
ENSG00000274019.1,10.255988184619227
ENSG00000274038.1,8.201977997367885
ENSG00000274093.1,7.3563702106170865
ENSG00000274210.1,23.93042023596353
ENSG00000274303.1,17.605344352611866
ENSG00000274341.1,7.666874717110675
ENSG00000274421.1,13.897423669883288
ENSG00000274425.1,7.328485415753119
ENSG00000274428.1,41.40306914548499
ENSG00000274514.1,9.145549209266436
ENSG00000274528.1,7.743456824511617
ENSG00000274591.1,9.993698513547884
ENSG00000274611.3,38.49972229021449
ENSG00000274791.1,30.606214235872784
ENSG00000274841.1,12.478394867749536
ENSG00000274848.1,18.140217818219558
ENSG00000275056.1,11.286281707327948
ENSG00000275090.1,15.843222764592149
ENSG00000275170.1,16.698831708064297
ENSG00000275239.4,12.381111595449939
ENSG00000275302.1,10.725672237834305
ENSG00000275355.1,10.69425588993299
ENSG00000275374.1,10.611270847925233
ENSG00000275385.1,36.32061538864362
ENSG00000275479.1,9.520442141816352
ENSG00000275506.1,8.068811591757433
ENSG00000275591.4,9.375426003164742
ENSG00000275635.1,8.400061867661382
ENSG00000275667.1,10.398912495178665
ENSG00000275670.1,7.537480755542644
ENSG00000275811.1,32.06415104502888
ENSG00000275878.1,16.47593814025252
ENSG00000275880.1,9.92885766822518
ENSG00000275894.1,17.132364780579067
ENSG00000275939.1,10.054964352057093
ENSG00000275956.1,9.920257611596414
ENSG00000275987.1,24.637749700927785
ENSG00000276070.4,14.672745051992337
ENSG00000276085.1,13.28245584607016
ENSG00000276103.1,14.587547183158097
ENSG00000276216.1,10.260760502019
ENSG00000276337.1,7.958324044871019
ENSG00000276410.3,12.980890150259505
ENSG00000276454.1,16.285808625215513
ENSG00000276651.1,10.419019119490864
ENSG00000276703.1,38.49972229021447
ENSG00000276746.1,26.77227604530431
ENSG00000276850.4,20.088343537768296
ENSG00000276892.1,11.9992788963091
ENSG00000276918.1,16.84522786186333
ENSG00000277001.1,14.19513865221468
ENSG00000277072.4,8.416273936030475
ENSG00000277186.1,15.008604404344252
ENSG00000277198.1,8.735791536451813
ENSG00000277250.1,8.371418734318713
ENSG00000277324.1,11.292255047528583
ENSG00000277350.1,8.397226515424618
ENSG00000277452.1,10.511433337628617
ENSG00000277504.1,7.797433948578909
ENSG00000277539.1,8.313622318750422
ENSG00000277544.1,38.49972229021447
ENSG00000277672.1,30.040517352374373
ENSG00000277775.1,8.993663461508364
ENSG00000277794.1,12.708117899500142
ENSG00000277831.1,17.954339343161934
ENSG00000277899.1,10.163932815484149
ENSG00000277948.1,8.409079217732561
ENSG00000277950.1,16.51017699743022
ENSG00000278001.1,10.398912495178667
ENSG00000278057.4,23.534562095986907
ENSG00000278097.1,38.49972229021449
ENSG00000278107.1,8.597614083839389
ENSG00000278330.1,9.953010238525536
ENSG00000278346.1,62.173872724920216
ENSG00000278356.1,16.722421288847798
ENSG00000278520.1,16.840702524868593
ENSG00000278529.1,10.398912495178672
ENSG00000278546.1,7.465379206736543
ENSG00000278703.1,11.948045759487854
ENSG00000278768.1,11.864979027325884
ENSG00000278770.1,9.815979845360767
ENSG00000278794.1,16.115007691960635
ENSG00000278818.1,13.237199505314074
ENSG00000278819.1,7.328994338613374
ENSG00000278869.1,11.388778168452868
ENSG00000278877.1,38.49972229021447
ENSG00000278895.1,19.87214203316623
ENSG00000278909.1,9.933867741281214
ENSG00000278920.1,17.409425043834855
ENSG00000278953.1,38.49972229021449
ENSG00000278963.1,13.16432262261867
ENSG00000278979.1,10.268149029004974
ENSG00000279010.3,12.868648758404607
ENSG00000279080.1,8.234262386493562
ENSG00000279133.1,10.364987684110709
ENSG00000279166.1,15.701049373556806
ENSG00000279175.1,9.41094536399697
ENSG00000279199.1,9.019939018409339
ENSG00000279201.1,20.667037055195767
ENSG00000279202.1,8.363753547160186
ENSG00000279203.1,10.441930608404924
ENSG00000279253.1,8.31136607986782
ENSG00000279289.1,7.419205014321113
ENSG00000279296.1,9.25247913603558
ENSG00000279298.1,10.398912495178672
ENSG00000279322.1,8.127208452755017
ENSG00000279339.1,28.87359365669742
ENSG00000279361.1,9.006625160261446
ENSG00000279390.1,13.699990519780723
ENSG00000279393.1,7.790404206967375
ENSG00000279396.1,11.954007705613
ENSG00000279406.1,16.47464956424464
ENSG00000279410.1,10.521451510853012
ENSG00000279415.1,10.593459443722589
ENSG00000279491.1,8.887367453216942
ENSG00000279502.1,8.60873045879254
ENSG00000279520.1,16.90014293936819
ENSG00000279544.1,11.612415565089023
ENSG00000279549.1,9.455520963366824
ENSG00000279554.1,10.87030584173591
ENSG00000279562.1,12.55066532555246
ENSG00000279570.1,10.012497301616287
ENSG00000279573.1,15.76872540561393
ENSG00000279606.1,38.49972229021449
ENSG00000279620.1,10.465109828922461
ENSG00000279632.1,12.627772643426118
ENSG00000279652.1,11.567348103587896
ENSG00000279653.1,14.938028409166822
ENSG00000279665.1,17.83980919510096
ENSG00000279719.1,14.658481515342295
ENSG00000279724.1,9.554861016892664
ENSG00000279759.1,10.307204068978248
ENSG00000279790.1,10.398912495178672
ENSG00000279801.1,14.557354578161377
ENSG00000279872.1,10.770397018899075
ENSG00000279912.1,7.375635004248309
ENSG00000279917.1,8.33720922526258
ENSG00000279946.1,36.68258988198996
ENSG00000279957.1,20.578308007171735
ENSG00000279996.1,17.170334269109304
ENSG00000280000.1,15.488463809345706
ENSG00000280004.1,8.797494390440292
ENSG00000280009.1,10.398912495178667
ENSG00000280037.1,14.549784418153811
ENSG00000280069.1,16.865930144048114
ENSG00000280076.1,22.04977416576118
ENSG00000280080.2,7.383948660512187
ENSG00000280096.1,16.10609456363269
ENSG00000280159.1,7.961305213949198
ENSG00000280194.1,24.789724733885095
ENSG00000280198.1,17.585576092187225
ENSG00000280214.1,11.567343384800967
ENSG00000280228.1,11.13493624256886
ENSG00000280231.1,14.690805864073244
ENSG00000280248.1,12.540632834389033
ENSG00000280335.1,22.073067380845465
ENSG00000280353.1,7.476980488318814
ENSG00000280354.1,15.055011487915726
ENSG00000280376.1,8.44018260934137
ENSG00000280377.1,7.954107223989066
ENSG00000280389.1,21.340707441301547
ENSG00000280411.1,7.36687960808225
ENSG00000280429.1,22.663628398312856
ENSG00000280444.1,11.273085704461366
ENSG00000280474.1,9.60990973899051
ENSG00000280543.1,10.489162283578786
ENSG00000280670.2,17.58637789858831
ENSG00000281021.1,7.4730067191442995
ENSG00000281112.1,21.651365201440857
ENSG00000281348.1,19.572657246938235
ENSG00000281655.1,7.565564770213818
ENSG00000281825.1,9.208308918593117
ENSG00000282100.1,7.916033856121873
ENSG00000282915.1,18.80960207620466
ENSG00000282924.1,10.738394765111053
ENSG00000282933.2,8.037684853404023
ENSG00000282968.1,7.899352356949293
ENSG00000283041.1,21.48784936405276
ENSG00000283045.1,10.068405431752819
ENSG00000283064.1,19.74941950709829
ENSG00000283123.1,16.52136925229845
ENSG00000283156.1,13.860571920795062
ENSG00000283162.1,13.142415970326923
ENSG00000283201.1,7.834052020177095
ENSG00000283232.1,8.140805194771891
ENSG00000283239.1,8.127285769634192
ENSG00000283240.1,13.302902177283102
ENSG00000283265.1,10.198814598011015
ENSG00000283402.1,10.398912495178667
ENSG00000283419.1,13.271876445390006
ENSG00000283464.1,9.229903074305934
ENSG00000283509.1,40.42405884041369
ENSG00000283597.2,9.608862514712902
ENSG00000283632.2,12.495165415649211
ENSG00000283765.1,8.154531136272658
ENSG00000284031.1,12.031530325095753
ENSG00000284130.1,12.64106192074144
ENSG00000284428.1,11.999782772251946
ENSG00000284430.1,27.90983939242441
ENSG00000284461.1,8.62597758784948
ENSG00000284516.1,8.91823147983863
ENSG00000284540.1,19.417562668065862
ENSG00000284600.1,22.82631056369928
ENSG00000284601.1,28.550329637205966
ENSG00000284606.1,9.667998442079737
ENSG00000284607.1,28.81068113920965
ENSG00000284629.1,17.25740892597637
ENSG00000284642.1,17.739523430151518
ENSG00000284657.1,16.417622945661805
ENSG00000284702.1,11.878201997467235
