specimen_id	cell_type_name	percent_live_cell
223	Monocytes	16.09476484
223	CD33HLADR	17.20346825
223	Classical_Monocytes	15.12965332
223	Non-Classical_Monocytes	0.488212412
223	Intermediate_Monocytes	0.0
223	Bcells	7.494916267
223	CD3CD19	0.713898244
223	CD3CD19neg	9.288509458
223	CD3 Tcells	65.44889144
223	CD4Tcells	14.99940533
223	CD8Tcells	18.5132003
223	Tregs	0.189425255
223	TemraCD4	0.0565665
223	NaiveCD4	7.099821018
223	TemCD4	2.087738993
223	TcmCD4	5.59602236
223	TemraCD8	3.947181393
223	NaiveCD8	9.146367996
223	TemCD8	4.043779571
223	TcmCD8	1.267959864
223	NK	5.036159048
223	Basophils	0.790190499
223	mDC	0.867062922
223	pDC	0.382041441
224	Monocytes	25.08320864
224	CD33HLADR	26.73644394
224	Classical_Monocytes	24.10430133
224	Non-Classical_Monocytes	0.480794793
224	Intermediate_Monocytes	0.832921911
224	Bcells	5.175721762
224	CD3CD19	0.676758547
224	CD3CD19neg	8.789050335
224	CD3 Tcells	58.77484676
224	CD4Tcells	19.3439012
224	CD8Tcells	16.87809991
224	Tregs	0.47137638
224	TemraCD4	0.649566677
224	NaiveCD4	8.894323887
224	TemCD4	3.019968555
224	TcmCD4	6.60382661
224	TemraCD8	3.475394396
224	NaiveCD8	8.286836249
224	TemCD8	3.781188999
224	TcmCD8	1.311741875
224	NK	4.146532277
224	Basophils	1.272245304
224	mDC	1.19720182
224	pDC	0.293186082
225	Monocytes	22.36751549
225	CD33HLADR	24.79818976
225	Classical_Monocytes	20.50518228
225	Non-Classical_Monocytes	1.027210814
225	Intermediate_Monocytes	1.862333207
225	Bcells	8.115112179
225	CD3CD19	0.877825013
225	CD3CD19neg	12.54635289
225	CD3 Tcells	53.39030929
225	CD4Tcells	20.59469636
225	CD8Tcells	18.31003277
225	Tregs	0.202067042
225	TemraCD4	0.598863905
225	NaiveCD4	9.216722405
225	TemCD4	3.435139708
225	TcmCD4	7.275587455
225	TemraCD8	5.042137655
225	NaiveCD8	8.968430877
225	TemCD8	3.096306884
225	TcmCD8	1.036015479
225	NK	6.541131722
225	Basophils	0.547650109
225	mDC	1.242778341
225	pDC	0.507442142
226	Monocytes	15.94548646
226	CD33HLADR	17.72945635
226	Classical_Monocytes	15.1496812
226	Non-Classical_Monocytes	0.633706082
226	Intermediate_Monocytes	0.527481524
226	Bcells	4.690705728
226	CD3CD19	0.565275368
226	CD3CD19neg	11.19501372
226	CD3 Tcells	64.98004837
226	CD4Tcells	18.85686806
226	CD8Tcells	17.63114213
226	Tregs	0.311642262
226	TemraCD4	0.662961782
226	NaiveCD4	9.602524277
226	TemCD4	1.921333558
226	TcmCD4	6.484971611
226	TemraCD8	3.707437979
226	NaiveCD8	9.404765791
226	TemCD8	3.45342819
226	TcmCD8	1.000595159
226	NK	5.354546436
226	Basophils	0.989169113
226	mDC	1.076936213
226	pDC	0.452144958
227	Monocytes	21.43391614
227	CD33HLADR	23.87964884
227	Classical_Monocytes	20.6030523
227	Non-Classical_Monocytes	0.988479775
227	Intermediate_Monocytes	0.253185657
227	Bcells	6.140168914
227	CD3CD19	0.606386131
227	CD3CD19neg	11.45040006
227	CD3 Tcells	58.05693436
227	CD4Tcells	22.71632834
227	CD8Tcells	17.02826345
227	Tregs	0.406171285
227	TemraCD4	0.566935842
227	NaiveCD4	10.76122389
227	TemCD4	3.38087124
227	TcmCD4	7.95099274
227	TemraCD8	3.640539339
227	NaiveCD8	9.344717736
227	TemCD8	2.830048896
227	TcmCD8	1.037746333
227	NK	5.497110683
227	Basophils	0.628241221
227	mDC	1.330937917
227	pDC	0.603793155
281	Monocytes	11.2437986
281	CD33HLADR	12.9537353
281	Classical_Monocytes	11.2437986
281	Non-Classical_Monocytes	0.550932631
281	Intermediate_Monocytes	0.524067847
281	Bcells	9.686322961
281	CD3CD19	1.187232545
281	CD3CD19neg	12.39366591
281	CD3 Tcells	63.85186458
281	CD4Tcells	34.31805723
281	CD8Tcells	21.0442628
281	Tregs	0.315286199
281	TemraCD4	0.381152649
281	NaiveCD4	21.39718697
281	TemCD4	4.880799452
281	TcmCD4	7.617734576
281	TemraCD8	2.63383981
281	NaiveCD8	13.0564215
281	TemCD8	4.405006396
281	TcmCD8	0.755077717
281	NK	6.224720511
281	Basophils	0.702439104
281	mDC	0.589797928
281	pDC	0.426972789
282	Monocytes	17.44674996
282	CD33HLADR	18.80527769
282	Classical_Monocytes	16.71763962
282	Non-Classical_Monocytes	0.662849529
282	Intermediate_Monocytes	0.736834737
282	Bcells	10.91432682
282	CD3CD19	1.011533485
282	CD3CD19neg	12.10388344
282	CD3 Tcells	57.50038622
282	CD4Tcells	30.55202862
282	CD8Tcells	19.36324444
282	Tregs	0.209524177
282	TemraCD4	0.047191217
282	NaiveCD4	20.7572561
282	TemCD4	3.823454156
282	TcmCD4	5.924127144
282	TemraCD8	2.273385602
282	NaiveCD8	12.73028349
282	TemCD8	3.398129731
282	TcmCD8	0.899650471
282	NK	6.386021744
282	Basophils	0.997050247
282	mDC	0.608778773
282	pDC	0.463946393
283	Monocytes	17.65820505
283	CD33HLADR	20.27294158
283	Classical_Monocytes	16.45599964
283	Non-Classical_Monocytes	1.788370891
283	Intermediate_Monocytes	1.202205408
283	Bcells	8.624679422
283	CD3CD19	0.851060242
283	CD3CD19neg	17.41920951
283	CD3 Tcells	54.27511712
283	CD4Tcells	29.32068167
283	CD8Tcells	17.79360374
283	Tregs	0.127207306
283	TemraCD4	0.626520073
283	NaiveCD4	18.81788756
283	TemCD4	3.711779083
283	TcmCD4	5.993198746
283	TemraCD8	2.603172232
283	NaiveCD8	11.01897148
283	TemCD8	3.550963029
283	TcmCD8	0.565205188
283	NK	7.244793354
283	Basophils	0.964173556
283	mDC	0.745174615
283	pDC	0.432818039
284	Monocytes	11.37896755
284	CD33HLADR	13.04007195
284	Classical_Monocytes	10.7656986
284	Non-Classical_Monocytes	1.109257024
284	Intermediate_Monocytes	0.613268953
284	Bcells	7.994863784
284	CD3CD19	0.775876352
284	CD3CD19neg	17.28561623
284	CD3 Tcells	61.31233875
284	CD4Tcells	31.72867997
284	CD8Tcells	20.95292196
284	Tregs	0.634807924
284	TemraCD4	0.349120689
284	NaiveCD4	19.17619352
284	TemCD4	5.022840777
284	TcmCD4	7.031764065
284	TemraCD8	2.750715993
284	NaiveCD8	12.20620606
284	TemCD8	5.269947218
284	TcmCD8	0.638003266
284	NK	9.414897394
284	Basophils	1.139790291
284	mDC	0.492792729
284	pDC	0.39787924
285	Monocytes	19.8894206
285	CD33HLADR	21.28410036
285	Classical_Monocytes	18.85601251
285	Non-Classical_Monocytes	0.636601493
285	Intermediate_Monocytes	1.033408088
285	Bcells	12.68609769
285	CD3CD19	1.013666467
285	CD3CD19neg	14.98428567
285	CD3 Tcells	50.69648441
285	CD4Tcells	25.0036851
285	CD8Tcells	18.44170168
285	Tregs	0.359429125
285	TemraCD4	0.233214357
285	NaiveCD4	15.87476442
285	TemCD4	2.999147162
285	TcmCD4	5.624914453
285	TemraCD8	1.924150057
285	NaiveCD8	10.24024237
285	TemCD8	5.234820009
285	TcmCD8	0.981948261
285	NK	4.487797046
285	Basophils	0.793086747
285	mDC	0.535656001
285	pDC	0.244796109
342	Monocytes	23.10327618
342	CD33HLADR	25.53084582
342	Classical_Monocytes	22.5185887
342	Non-Classical_Monocytes	1.100856899
342	Intermediate_Monocytes	0.584687481
342	Bcells	15.09123053
342	CD3CD19	1.31402421
342	CD3CD19neg	12.66501434
342	CD3 Tcells	42.90516592
342	CD4Tcells	22.28850335
342	CD8Tcells	13.87922211
342	Tregs	0.106076114
342	TemraCD4	0.523105814
342	NaiveCD4	7.351903703
342	TemCD4	8.073119771
342	TcmCD4	6.180160214
342	TemraCD8	2.691998613
342	NaiveCD8	6.940118595
342	TemCD8	3.489176684
342	TcmCD8	0.561171405
342	NK	5.689706218
342	Basophils	0.0
342	mDC	1.17648054
342	pDC	0.539685494
343	Monocytes	35.24105362
343	CD33HLADR	38.18294193
343	Classical_Monocytes	33.79091151
343	Non-Classical_Monocytes	1.797176123
343	Intermediate_Monocytes	1.450142114
343	Bcells	13.09928373
343	CD3CD19	0.44204332
343	CD3CD19neg	13.16389006
343	CD3 Tcells	37.51707667
343	CD4Tcells	23.72412496
343	CD8Tcells	11.65434213
343	Tregs	0.267626227
343	TemraCD4	0.679266568
343	NaiveCD4	10.88106634
343	TemCD4	5.804568848
343	TcmCD4	6.069394801
343	TemraCD8	2.465841652
343	NaiveCD8	6.560842963
343	TemCD8	2.09040486
343	TcmCD8	0.503049299
343	NK	3.887180944
343	Basophils	0.868685131
343	mDC	0.940292149
343	pDC	0.563855258
344	Monocytes	17.83941274
344	CD33HLADR	20.90629983
344	Classical_Monocytes	16.99042967
344	Non-Classical_Monocytes	1.813480696
344	Intermediate_Monocytes	0.848983068
344	Bcells	9.248751549
344	CD3CD19	0.768587871
344	CD3CD19neg	13.00627866
344	CD3 Tcells	57.70331603
344	CD4Tcells	37.86271144
344	CD8Tcells	18.72914405
344	Tregs	0.525077305
344	TemraCD4	1.169217817
344	NaiveCD4	17.84761133
344	TemCD4	7.508935859
344	TcmCD4	10.72817001
344	TemraCD8	3.151198035
344	NaiveCD8	11.96175293
344	TemCD8	2.578397554
344	TcmCD8	0.902212765
344	NK	6.418644833
344	Basophils	0.771647049
344	mDC	1.237865771
344	pDC	0.640224764
345	Monocytes	21.42441344
345	CD33HLADR	23.32685962
345	Classical_Monocytes	21.17314939
345	Non-Classical_Monocytes	1.035192421
345	Intermediate_Monocytes	0.251264047
345	Bcells	8.836612688
345	CD3CD19	0.279082107
345	CD3CD19neg	15.61559048
345	CD3 Tcells	53.28600829
345	CD4Tcells	34.06978212
345	CD8Tcells	16.38973101
345	Tregs	0.360218114
345	TemraCD4	1.028881843
345	NaiveCD4	10.89759606
345	TemCD4	11.08948915
345	TcmCD4	10.68033186
345	TemraCD8	3.540234444
345	NaiveCD8	8.527651924
345	TemCD8	3.376416982
345	TcmCD8	0.898291508
345	NK	9.043187538
345	Basophils	1.127661712
345	mDC	0.666087982
345	pDC	0.303036547
346	Monocytes	24.40373823
346	CD33HLADR	26.78287674
346	Classical_Monocytes	23.36634584
346	Non-Classical_Monocytes	1.105655121
346	Intermediate_Monocytes	1.037392389
346	Bcells	10.27800406
346	CD3CD19	0.820409928
346	CD3CD19neg	19.81152949
346	CD3 Tcells	43.28146371
346	CD4Tcells	25.02174853
346	CD8Tcells	14.79289866
346	Tregs	0.150605439
346	TemraCD4	0.952283973
346	NaiveCD4	10.95497425
346	TemCD4	6.651530694
346	TcmCD4	6.380994046
346	TemraCD8	4.571465926
346	NaiveCD8	6.446993925
346	TemCD8	3.3986795
346	TcmCD8	0.375759313
346	NK	9.43886274
346	Basophils	0.771758589
346	mDC	1.110055113
346	pDC	0.694067302
349	Monocytes	13.52458485
349	CD33HLADR	14.89122315
349	Classical_Monocytes	13.55053485
349	Non-Classical_Monocytes	0.589806469
349	Intermediate_Monocytes	0.200000371
349	Bcells	9.614475652
349	CD3CD19	0.614644327
349	CD3CD19neg	27.30607471
349	CD3 Tcells	43.84512298
349	CD4Tcells	22.14721436
349	CD8Tcells	19.0927138
349	Tregs	0.164411797
349	TemraCD4	0.303058949
349	NaiveCD4	11.40484042
349	TemCD4	5.249499999
349	TcmCD4	5.027627484
349	TemraCD8	3.49917238
349	NaiveCD8	11.86990152
349	TemCD8	2.786474118
349	TcmCD8	0.805747555
349	NK	22.46213617
349	Basophils	0.69916719
349	mDC	0.534199322
349	pDC	0.210195014
350	Monocytes	13.54508691
350	CD33HLADR	14.80150271
350	Classical_Monocytes	13.02992961
350	Non-Classical_Monocytes	0.358164494
350	Intermediate_Monocytes	0.7671347
350	Bcells	12.01555097
350	CD3CD19	1.02558115
350	CD3CD19neg	23.0640578
350	CD3 Tcells	43.26485081
350	CD4Tcells	20.9101796
350	CD8Tcells	20.18785491
350	Tregs	0.066741666
350	TemraCD4	0.246297258
350	NaiveCD4	12.06903897
350	TemCD4	4.030849481
350	TcmCD4	3.992508524
350	TemraCD8	3.133229303
350	NaiveCD8	12.63594867
350	TemCD8	3.375739799
350	TcmCD8	1.042937138
350	NK	19.46505687
350	Basophils	0.510423849
350	mDC	0.613297527
350	pDC	0.429481829
351	Monocytes	11.60448996
351	CD33HLADR	13.29356965
351	Classical_Monocytes	11.06861356
351	Non-Classical_Monocytes	0.506350593
351	Intermediate_Monocytes	0.860999635
351	Bcells	12.1042227
351	CD3CD19	0.97520002
351	CD3CD19neg	29.62812757
351	CD3 Tcells	35.27078048
351	CD4Tcells	19.79331936
351	CD8Tcells	13.17835114
351	Tregs	0.0
351	TemraCD4	0.323426351
351	NaiveCD4	11.77214223
351	TemCD4	3.907757311
351	TcmCD4	3.548187302
351	TemraCD8	3.387152881
351	NaiveCD8	7.152880887
351	TemCD8	1.785123406
351	TcmCD8	0.720836904
351	NK	25.07046316
351	Basophils	0.630732291
351	mDC	0.819256255
351	pDC	0.553693695
352	Monocytes	19.52584624
352	CD33HLADR	21.03317601
352	Classical_Monocytes	18.90953937
352	Non-Classical_Monocytes	0.617910587
352	Intermediate_Monocytes	0.616306874
352	Bcells	14.2063305
352	CD3CD19	1.445586823
352	CD3CD19neg	15.86007926
352	CD3 Tcells	45.41907424
352	CD4Tcells	20.77096895
352	CD8Tcells	19.18778356
352	Tregs	0.0
352	TemraCD4	0.353618698
352	NaiveCD4	10.54794059
352	TemCD4	4.975679694
352	TcmCD4	4.890041424
352	TemraCD8	2.640192574
352	NaiveCD8	12.34313683
352	TemCD8	2.856052332
352	TcmCD8	1.214652163
352	NK	11.91943588
352	Basophils	0.915559704
352	mDC	0.803780914
352	pDC	0.208161937
353	Monocytes	13.31339742
353	CD33HLADR	14.69016962
353	Classical_Monocytes	12.94886687
353	Non-Classical_Monocytes	0.307688506
353	Intermediate_Monocytes	0.663569187
353	Bcells	12.7820478
353	CD3CD19	1.1232484
353	CD3CD19neg	25.9687863
353	CD3 Tcells	38.18323736
353	CD4Tcells	19.47973045
353	CD8Tcells	13.96996433
353	Tregs	0.0
353	TemraCD4	0.270617601
353	NaiveCD4	9.931707156
353	TemCD4	4.981093839
353	TcmCD4	4.114664426
353	TemraCD8	2.743452866
353	NaiveCD8	7.599741327
353	TemCD8	2.670546755
353	TcmCD8	0.8522189
353	NK	20.18201814
353	Basophils	1.117687764
353	mDC	0.745743024
353	pDC	0.299450527
355	Monocytes	25.50478252
355	CD33HLADR	29.1367032
355	Classical_Monocytes	24.2718006
355	Non-Classical_Monocytes	1.861865531
355	Intermediate_Monocytes	1.232981917
355	Bcells	16.11167353
355	CD3CD19	0.083781331
355	CD3CD19neg	15.77201005
355	CD3 Tcells	41.66951756
355	CD4Tcells	26.22250925
355	CD8Tcells	15.14015918
355	Tregs	0.100712141
355	TemraCD4	0.287474691
355	NaiveCD4	11.6445577
355	TemCD4	5.414019409
355	TcmCD4	8.825665014
355	TemraCD8	1.505620331
355	NaiveCD8	8.318438875
355	TemCD8	4.081896251
355	TcmCD8	1.234203728
355	NK	6.621517838
355	Basophils	1.325141381
355	mDC	1.565489074
355	pDC	1.067862878
356	Monocytes	30.01879344
356	CD33HLADR	35.066971
356	Classical_Monocytes	27.86979808
356	Non-Classical_Monocytes	2.33537911
356	Intermediate_Monocytes	3.537569816
356	Bcells	11.51066977
356	CD3CD19	0.160488505
356	CD3CD19neg	18.38671062
356	CD3 Tcells	37.4902699
356	CD4Tcells	21.15610647
356	CD8Tcells	14.04468248
356	Tregs	0.233677466
356	TemraCD4	0.212744183
356	NaiveCD4	10.67085746
356	TemCD4	2.847236652
356	TcmCD4	7.146622919
356	TemraCD8	1.024180268
356	NaiveCD8	9.565890223
356	TemCD8	1.769250092
356	TcmCD8	1.635587202
356	NK	7.381540876
356	Basophils	2.396163162
356	mDC	1.141406655
356	pDC	0.85997029
357	Monocytes	13.74365552
357	CD33HLADR	16.36334189
357	Classical_Monocytes	12.23952687
357	Non-Classical_Monocytes	1.162578073
357	Intermediate_Monocytes	1.853907783
357	Bcells	10.14176635
357	CD3CD19	1.001272162
357	CD3CD19neg	14.16383456
357	CD3 Tcells	59.38630611
357	CD4Tcells	32.28286396
357	CD8Tcells	25.95092121
357	Tregs	0.350040359
357	TemraCD4	0.123820246
357	NaiveCD4	15.99684441
357	TemCD4	2.35114795
357	TcmCD4	13.5660231
357	TemraCD8	0.723721504
357	NaiveCD8	18.52523295
357	TemCD8	2.238037893
357	TcmCD8	4.192125137
357	NK	7.579026836
357	Basophils	1.692079423
357	mDC	0.983639532
357	pDC	0.532244203
358	Monocytes	16.34777814
358	CD33HLADR	18.6275721
358	Classical_Monocytes	15.36477874
358	Non-Classical_Monocytes	1.248678432
358	Intermediate_Monocytes	0.982999403
358	Bcells	10.75863522
358	CD3CD19	0.846193559
358	CD3CD19neg	13.54481887
358	CD3 Tcells	57.66210257
358	CD4Tcells	30.88417929
358	CD8Tcells	23.32162508
358	Tregs	0.560227732
358	TemraCD4	0.709647803
358	NaiveCD4	12.25062518
358	TemCD4	3.90247772
358	TcmCD4	13.4580798
358	TemraCD8	1.003546288
358	NaiveCD8	15.80809729
358	TemCD8	2.302421541
358	TcmCD8	4.111717837
358	NK	7.398569261
358	Basophils	2.210610776
358	mDC	0.907053954
358	pDC	0.453591999
359	Monocytes	22.05854203
359	CD33HLADR	25.36192172
359	Classical_Monocytes	21.4424688
359	Non-Classical_Monocytes	1.38606644
359	Intermediate_Monocytes	1.065640184
359	Bcells	10.0833318
359	CD3CD19	0.428589784
359	CD3CD19neg	14.26880144
359	CD3 Tcells	51.9021048
359	CD4Tcells	26.34457098
359	CD8Tcells	21.9215349
359	Tregs	0.279389669
359	TemraCD4	0.049034132
359	NaiveCD4	10.42158865
359	TemCD4	4.209068955
359	TcmCD4	11.53652518
359	TemraCD8	0.954461188
359	NaiveCD8	13.41175298
359	TemCD8	3.082988303
359	TcmCD8	3.860454628
359	NK	4.787383282
359	Basophils	4.431164731
359	mDC	1.138798061
359	pDC	0.435407364
360	Monocytes	10.12923967
360	CD33HLADR	10.87747529
360	Classical_Monocytes	9.831072287
360	Non-Classical_Monocytes	0.284081625
360	Intermediate_Monocytes	0.298167386
360	Bcells	7.351865687
360	CD3CD19	0.902390185
360	CD3CD19neg	14.78587953
360	CD3 Tcells	65.14585524
360	CD4Tcells	37.17175951
360	CD8Tcells	23.80944332
360	Tregs	0.239119877
360	TemraCD4	0.280362984
360	NaiveCD4	22.95618427
360	TemCD4	4.27993027
360	TcmCD4	9.138503596
360	TemraCD8	0.791619761
360	NaiveCD8	19.00800184
360	TemCD8	2.688239291
360	TcmCD8	1.164159965
360	NK	8.73610158
360	Basophils	2.068127754
360	mDC	0.457618199
360	pDC	0.865767206
361	Monocytes	8.663055627
361	CD33HLADR	9.378270713
361	Classical_Monocytes	8.481471928
361	Non-Classical_Monocytes	0.197518127
361	Intermediate_Monocytes	0.181583699
361	Bcells	6.925744419
361	CD3CD19	0.460493509
361	CD3CD19neg	8.648152925
361	CD3 Tcells	74.67984983
361	CD4Tcells	45.38514888
361	CD8Tcells	25.038833
361	Tregs	0.418880578
361	TemraCD4	0.0
361	NaiveCD4	33.16183762
361	TemCD4	1.997993867
361	TcmCD4	9.934485427
361	TemraCD8	0.423466025
361	NaiveCD8	21.89631158
361	TemCD8	1.771472788
361	TcmCD8	0.94758261
361	NK	5.157252171
361	Basophils	0.901842776
361	mDC	0.386782449
361	pDC	1.082165477
362	Monocytes	6.717597233
362	CD33HLADR	6.997233736
362	Classical_Monocytes	5.705608081
362	Non-Classical_Monocytes	0.143279844
362	Intermediate_Monocytes	0.247729647
362	Bcells	6.53970146
362	CD3CD19	1.014698224
362	CD3CD19neg	10.46093367
362	CD3 Tcells	74.24996313
362	CD4Tcells	59.79465229
362	CD8Tcells	19.88489451
362	Tregs	0.207394564
362	TemraCD4	3.729490062
362	NaiveCD4	41.41329312
362	TemCD4	6.978571235
362	TcmCD4	7.581490411
362	TemraCD8	0.580042563
362	NaiveCD8	17.79228637
362	TemCD8	0.810915757
362	TcmCD8	0.637535105
362	NK	2.79275293
362	Basophils	0.832588338
362	mDC	0.651080468
362	pDC	0.908141365
363	Monocytes	8.148074724
363	CD33HLADR	8.976667097
363	Classical_Monocytes	7.944643713
363	Non-Classical_Monocytes	0.166548335
363	Intermediate_Monocytes	0.203431011
363	Bcells	7.383566002
363	CD3CD19	1.148203814
363	CD3CD19neg	9.036140412
363	CD3 Tcells	73.40125124
363	CD4Tcells	41.46327408
363	CD8Tcells	26.67147678
363	Tregs	0.246768155
363	TemraCD4	0.14995113
363	NaiveCD4	28.68342677
363	TemCD4	2.918111238
363	TcmCD4	9.264236713
363	TemraCD8	0.558426769
363	NaiveCD8	22.00051636
363	TemCD8	2.651518644
363	TcmCD8	1.180360897
363	NK	5.240336739
363	Basophils	1.426783277
363	mDC	0.49007856
363	pDC	0.50344853
364	Monocytes	8.34345099
364	CD33HLADR	9.345126989
364	Classical_Monocytes	8.181344275
364	Non-Classical_Monocytes	0.139685316
364	Intermediate_Monocytes	0.162106715
364	Bcells	8.393338602
364	CD3CD19	1.327795248
364	CD3CD19neg	10.74399807
364	CD3 Tcells	70.08536948
364	CD4Tcells	42.30413507
364	CD8Tcells	23.37621426
364	Tregs	0.15369869
364	TemraCD4	0.111658567
364	NaiveCD4	29.94927158
364	TemCD4	3.084848179
364	TcmCD4	8.715534106
364	TemraCD8	0.468495132
364	NaiveCD8	20.54607317
364	TemCD8	1.377010219
364	TcmCD8	0.960308518
364	NK	5.67978879
364	Basophils	1.180822977
364	mDC	0.575893633
364	pDC	1.232728516
369	Monocytes	14.95975072
369	CD33HLADR	18.0334131
369	Classical_Monocytes	14.95975072
369	Non-Classical_Monocytes	2.57592811
369	Intermediate_Monocytes	0.0
369	Bcells	16.75892721
369	CD3CD19	0.034238394
369	CD3CD19neg	20.36315693
369	CD3 Tcells	47.66750943
369	CD4Tcells	33.68099782
369	CD8Tcells	12.38292833
369	Tregs	0.447015447
369	TemraCD4	3.641150972
369	NaiveCD4	12.85613359
369	TemCD4	6.904657571
369	TcmCD4	9.990456687
369	TemraCD8	1.501251362
369	NaiveCD8	7.502807421
369	TemCD8	2.384934085
369	TcmCD8	0.993935461
369	NK	12.61033259
369	Basophils	0.292176144
369	mDC	0.489046908
369	pDC	0.369340285
370	Monocytes	18.25265838
370	CD33HLADR	20.31912065
370	Classical_Monocytes	16.05493098
370	Non-Classical_Monocytes	2.79150296
370	Intermediate_Monocytes	0.658637489
370	Bcells	18.24649328
370	CD3CD19	1.468191329
370	CD3CD19neg	20.1822042
370	CD3 Tcells	40.52251736
370	CD4Tcells	36.50274796
370	CD8Tcells	3.435369912
370	Tregs	0.313520692
370	TemraCD4	5.243797338
370	NaiveCD4	15.19734079
370	TemCD4	10.20117471
370	TcmCD4	5.597648017
370	TemraCD8	1.486172851
370	NaiveCD8	0.247631255
370	TemCD8	1.274247762
370	TcmCD8	0.35590571
370	NK	8.036327813
370	Basophils	0.774875189
370	mDC	0.699609673
370	pDC	0.455317843
371	Monocytes	27.48283254
371	CD33HLADR	30.046019
371	Classical_Monocytes	26.20544669
371	Non-Classical_Monocytes	1.769165616
371	Intermediate_Monocytes	0.604344215
371	Bcells	19.93411669
371	CD3CD19	0.10580507
371	CD3CD19neg	15.84303328
371	CD3 Tcells	35.12066192
371	CD4Tcells	24.34344298
371	CD8Tcells	8.254312902
371	Tregs	0.316725478
371	TemraCD4	1.575350591
371	NaiveCD4	10.61113119
371	TemCD4	5.191621673
371	TcmCD4	6.515633492
371	TemraCD8	1.159993268
371	NaiveCD8	4.791990266
371	TemCD8	1.541001879
371	TcmCD8	0.726840829
371	NK	8.194306115
371	Basophils	0.928380865
371	mDC	0.792365481
371	pDC	0.566270944
372	Monocytes	16.23806928
372	CD33HLADR	17.83774892
372	Classical_Monocytes	15.75170154
372	Non-Classical_Monocytes	1.390642863
372	Intermediate_Monocytes	0.0
372	Bcells	20.12253077
372	CD3CD19	0.102358227
372	CD3CD19neg	14.86238136
372	CD3 Tcells	47.53941456
372	CD4Tcells	30.26662989
372	CD8Tcells	12.09870922
372	Tregs	0.415747215
372	TemraCD4	1.812205886
372	NaiveCD4	12.69175551
372	TemCD4	6.492103794
372	TcmCD4	9.045742164
372	TemraCD8	1.539361391
372	NaiveCD8	6.963184271
372	TemCD8	2.384149097
372	TcmCD8	1.010288996
372	NK	8.000225986
372	Basophils	0.992841571
372	mDC	0.647050222
372	pDC	0.404946428
373	Monocytes	10.1860068
373	CD33HLADR	12.48342049
373	Classical_Monocytes	10.1860068
373	Non-Classical_Monocytes	1.480762183
373	Intermediate_Monocytes	0.0
373	Bcells	21.466215
373	CD3CD19	0.129659704
373	CD3CD19neg	23.41111055
373	CD3 Tcells	43.37963506
373	CD4Tcells	28.58038437
373	CD8Tcells	9.831070334
373	Tregs	0.182490917
373	TemraCD4	3.585453558
373	NaiveCD4	11.10422817
373	TemCD4	6.001551452
373	TcmCD4	7.556165719
373	TemraCD8	1.603538947
373	NaiveCD8	5.336696673
373	TemCD8	1.839233129
373	TcmCD8	1.011978176
373	NK	11.90916008
373	Basophils	1.227395589
373	mDC	0.812744972
373	pDC	0.69313064
376	Monocytes	14.76098345
376	CD33HLADR	16.50874837
376	Classical_Monocytes	14.76098345
376	Non-Classical_Monocytes	0.436606994
376	Intermediate_Monocytes	0.0
376	Bcells	23.15163021
376	CD3CD19	0.816871442
376	CD3CD19neg	9.660741468
376	CD3 Tcells	50.52092982
376	CD4Tcells	19.35700739
376	CD8Tcells	29.06358686
376	Tregs	0.069902957
376	TemraCD4	1.79532185
376	NaiveCD4	8.992270566
376	TemCD4	4.537389487
376	TcmCD4	3.843134708
376	TemraCD8	12.60010352
376	NaiveCD8	5.892857484
376	TemCD8	5.842435679
376	TcmCD8	3.324401289
376	NK	1.630305033
376	Basophils	0.155467233
376	mDC	1.283846114
376	pDC	0.727487332
377	Monocytes	10.34712553
377	CD33HLADR	11.40600108
377	Classical_Monocytes	9.96500207
377	Non-Classical_Monocytes	0.0
377	Intermediate_Monocytes	0.382123459
377	Bcells	15.7490686
377	CD3CD19	1.002270475
377	CD3CD19neg	7.427338527
377	CD3 Tcells	65.02543308
377	CD4Tcells	31.94517618
377	CD8Tcells	32.35003575
377	Tregs	0.175930456
377	TemraCD4	2.675334613
377	NaiveCD4	16.3032025
377	TemCD4	4.21668611
377	TcmCD4	8.644582847
377	TemraCD8	11.32023106
377	NaiveCD8	14.33143291
377	TemCD8	1.456051882
377	TcmCD8	5.119858503
377	NK	1.127083882
377	Basophils	0.659817609
377	mDC	1.025320187
377	pDC	0.383377865
378	Monocytes	12.06380404
378	CD33HLADR	12.80124636
378	Classical_Monocytes	11.49171808
378	Non-Classical_Monocytes	0.0
378	Intermediate_Monocytes	0.572085966
378	Bcells	12.85437983
378	CD3CD19	0.071941769
378	CD3CD19neg	8.113589628
378	CD3 Tcells	65.8814199
378	CD4Tcells	31.57522695
378	CD8Tcells	32.44699192
378	Tregs	0.31394197
378	TemraCD4	2.557459374
378	NaiveCD4	14.86968979
378	TemCD4	5.658948992
378	TcmCD4	8.395244006
378	TemraCD8	12.53761661
378	NaiveCD8	12.1042419
378	TemCD8	2.154021216
378	TcmCD8	5.246733624
378	NK	0.952013743
378	Basophils	0.776626292
378	mDC	0.721925469
378	pDC	0.376636323
379	Monocytes	9.090461219
379	CD33HLADR	10.17938773
379	Classical_Monocytes	8.655875933
379	Non-Classical_Monocytes	0.0
379	Intermediate_Monocytes	0.434585285
379	Bcells	14.65064479
379	CD3CD19	1.61786353
379	CD3CD19neg	8.131417635
379	CD3 Tcells	66.2671647
379	CD4Tcells	31.31701287
379	CD8Tcells	33.81031718
379	Tregs	0.220502393
379	TemraCD4	4.062051195
379	NaiveCD4	15.30080587
379	TemCD4	3.456826617
379	TcmCD4	8.207406611
379	TemraCD8	11.35803796
379	NaiveCD8	15.14449849
379	TemCD8	1.838963086
379	TcmCD8	5.282353538
379	NK	0.888727655
379	Basophils	0.47713314
379	mDC	1.03906341
379	pDC	0.495048027
380	Monocytes	9.917689377
380	CD33HLADR	10.90288555
380	Classical_Monocytes	9.67189372
380	Non-Classical_Monocytes	0.245795657
380	Intermediate_Monocytes	0.0
380	Bcells	16.73380862
380	CD3CD19	0.465559124
380	CD3CD19neg	6.761897502
380	CD3 Tcells	64.9531924
380	CD4Tcells	33.44618743
380	CD8Tcells	30.81823059
380	Tregs	0.225372613
380	TemraCD4	2.625511835
380	NaiveCD4	18.35111241
380	TemCD4	4.51982114
380	TcmCD4	7.559978311
380	TemraCD8	9.388991404
380	NaiveCD8	14.50899117
380	TemCD8	1.790036718
380	TcmCD8	4.834508617
380	NK	0.722141601
380	Basophils	0.758097665
380	mDC	0.9598831
380	pDC	0.454484656
397	Monocytes	28.54903523
397	CD33HLADR	32.4572409
397	Classical_Monocytes	27.81183002
397	Non-Classical_Monocytes	3.066498185
397	Intermediate_Monocytes	0.737205208
397	Bcells	11.3871555
397	CD3CD19	0.031141081
397	CD3CD19neg	18.22726402
397	CD3 Tcells	40.24056485
397	CD4Tcells	12.76919069
397	CD8Tcells	15.03874669
397	Tregs	0.05868896
397	TemraCD4	0.0
397	NaiveCD4	5.815297457
397	TemCD4	2.89612054
397	TcmCD4	3.856852834
397	TemraCD8	4.362446252
397	NaiveCD8	7.768352277
397	TemCD8	2.380945252
397	TcmCD8	0.491370327
397	NK	10.91464948
397	Basophils	0.478045538
397	mDC	0.751877448
397	pDC	0.646926016
398	Monocytes	23.51264931
398	CD33HLADR	27.45821735
398	Classical_Monocytes	22.83540632
398	Non-Classical_Monocytes	1.839552283
398	Intermediate_Monocytes	1.527577135
398	Bcells	19.44816368
398	CD3CD19	0.038758324
398	CD3CD19neg	15.01914426
398	CD3 Tcells	40.09607366
398	CD4Tcells	17.79344749
398	CD8Tcells	13.43460414
398	Tregs	0.190708573
398	TemraCD4	0.0
398	NaiveCD4	10.33819574
398	TemCD4	2.813648803
398	TcmCD4	4.50712331
398	TemraCD8	2.425625125
398	NaiveCD8	9.069301058
398	TemCD8	1.241147246
398	TcmCD8	0.63070364
398	NK	7.221086877
398	Basophils	1.260820032
398	mDC	1.072020013
398	pDC	1.152913334
399	Monocytes	20.69588703
399	CD33HLADR	24.51898242
399	Classical_Monocytes	19.5031086
399	Non-Classical_Monocytes	1.115650557
399	Intermediate_Monocytes	2.033785428
399	Bcells	18.16034346
399	CD3CD19	0.971782864
399	CD3CD19neg	14.39402672
399	CD3 Tcells	43.36166573
399	CD4Tcells	18.85677124
399	CD8Tcells	14.69812687
399	Tregs	0.141021646
399	TemraCD4	0.073143417
399	NaiveCD4	11.2309297
399	TemCD4	3.125956094
399	TcmCD4	4.228514833
399	TemraCD8	2.530562991
399	NaiveCD8	10.01950965
399	TemCD8	1.533308004
399	TcmCD8	0.614746225
399	NK	6.456827596
399	Basophils	1.074525173
399	mDC	1.700513285
399	pDC	1.059156517
400	Monocytes	21.75376883
400	CD33HLADR	25.70744716
400	Classical_Monocytes	21.80883914
400	Non-Classical_Monocytes	1.455023067
400	Intermediate_Monocytes	0.735551514
400	Bcells	14.37007818
400	CD3CD19	0.063466043
400	CD3CD19neg	18.40586392
400	CD3 Tcells	42.82392584
400	CD4Tcells	15.10377979
400	CD8Tcells	14.86941079
400	Tregs	0.060620032
400	TemraCD4	0.0
400	NaiveCD4	8.095193372
400	TemCD4	2.634409979
400	TcmCD4	4.185201313
400	TemraCD8	3.699814155
400	NaiveCD8	8.496338607
400	TemCD8	2.049554742
400	TcmCD8	0.590404959
400	NK	10.17221212
400	Basophils	0.695991963
400	mDC	1.695368686
400	pDC	1.754992615
401	Monocytes	13.20348811
401	CD33HLADR	15.87673979
401	Classical_Monocytes	12.75716625
401	Non-Classical_Monocytes	1.383104523
401	Intermediate_Monocytes	0.44632186
401	Bcells	17.22367314
401	CD3CD19	0.186294163
401	CD3CD19neg	18.48801988
401	CD3 Tcells	49.70487615
401	CD4Tcells	20.92615896
401	CD8Tcells	17.66329196
401	Tregs	0.221832968
401	TemraCD4	0.000632363
401	NaiveCD4	13.06373587
401	TemCD4	2.488854601
401	TcmCD4	5.29679961
401	TemraCD8	2.790112371
401	NaiveCD8	12.87035925
401	TemCD8	1.084755623
401	TcmCD8	0.725573395
401	NK	11.05914492
401	Basophils	0.830166248
401	mDC	1.069578909
401	pDC	1.365651302
419	Monocytes	9.804275867
419	CD33HLADR	11.48315744
419	Classical_Monocytes	9.616262316
419	Non-Classical_Monocytes	0.804081156
419	Intermediate_Monocytes	0.000155769
419	Bcells	13.03960435
419	CD3CD19	0.034269247
419	CD3CD19neg	32.29907707
419	CD3 Tcells	43.83784415
419	CD4Tcells	20.36808287
419	CD8Tcells	15.48549398
419	Tregs	0.081311578
419	TemraCD4	0.090346197
419	NaiveCD4	7.747342186
419	TemCD4	5.845087426
419	TcmCD4	6.507574282
419	TemraCD8	0.783831146
419	NaiveCD8	10.88920908
419	TemCD8	2.810857121
419	TcmCD8	0.941002375
419	NK	24.13645391
419	Basophils	0.404221348
419	mDC	0.736321508
419	pDC	0.724950349
420	Monocytes	15.33438098
420	CD33HLADR	18.80609456
420	Classical_Monocytes	14.42716589
420	Non-Classical_Monocytes	1.441104127
420	Intermediate_Monocytes	0.308964198
420	Bcells	8.380705111
420	CD3CD19	0.641432085
420	CD3CD19neg	23.42839574
420	CD3 Tcells	51.09975403
420	CD4Tcells	29.44151407
420	CD8Tcells	4.63200328
420	Tregs	0.262640066
420	TemraCD4	0.798852145
420	NaiveCD4	14.40953813
420	TemCD4	6.222055206
420	TcmCD4	7.818119705
420	TemraCD8	0.086225745
420	NaiveCD8	3.658923203
420	TemCD8	0.55752938
420	TcmCD8	0.314156873
420	NK	9.109319486
420	Basophils	1.10644985
420	mDC	0.767286144
420	pDC	0.498770156
421	Monocytes	11.67526675
421	CD33HLADR	13.41999524
421	Classical_Monocytes	11.34985207
421	Non-Classical_Monocytes	0.921276264
421	Intermediate_Monocytes	0.365609058
421	Bcells	7.270389659
421	CD3CD19	0.031676358
421	CD3CD19neg	32.54519538
421	CD3 Tcells	46.73553835
421	CD4Tcells	21.5558948
421	CD8Tcells	18.01306716
421	Tregs	0.284687941
421	TemraCD4	0.0
421	NaiveCD4	9.829120688
421	TemCD4	5.267592024
421	TcmCD4	6.189267571
421	TemraCD8	0.582285995
421	NaiveCD8	13.68525146
421	TemCD8	2.750652493
421	TcmCD8	0.933920189
421	NK	24.52615229
421	Basophils	1.10108618
421	mDC	0.598523456
421	pDC	0.566980192
422	Monocytes	10.20127871
422	CD33HLADR	12.00904013
422	Classical_Monocytes	10.27212733
422	Non-Classical_Monocytes	0.802687234
422	Intermediate_Monocytes	0.206081108
422	Bcells	8.830746985
422	CD3CD19	0.041163448
422	CD3CD19neg	24.52774179
422	CD3 Tcells	55.27630964
422	CD4Tcells	27.95011307
422	CD8Tcells	21.62967673
422	Tregs	0.304635901
422	TemraCD4	0.066230932
422	NaiveCD4	14.45866108
422	TemCD4	6.235206886
422	TcmCD4	7.01678466
422	TemraCD8	0.537235769
422	NaiveCD8	17.41438135
422	TemCD8	2.588151788
422	TcmCD8	1.089907831
422	NK	17.7834011
422	Basophils	1.268678574
422	mDC	0.704396309
422	pDC	0.532750009
423	Monocytes	12.80037325
423	CD33HLADR	14.55336469
423	Classical_Monocytes	12.65163216
423	Non-Classical_Monocytes	0.539003661
423	Intermediate_Monocytes	0.368064399
423	Bcells	10.22365661
423	CD3CD19	0.108465348
423	CD3CD19neg	17.31856645
423	CD3 Tcells	58.56916128
423	CD4Tcells	29.20097193
423	CD8Tcells	22.79885792
423	Tregs	0.245907959
423	TemraCD4	0.166685719
423	NaiveCD4	14.58287364
423	TemCD4	7.765108718
423	TcmCD4	6.569996039
423	TemraCD8	1.090900874
423	NaiveCD8	18.21446896
423	TemCD8	2.213038705
423	TcmCD8	1.036934046
423	NK	10.01829024
423	Basophils	1.574209705
423	mDC	0.79940025
423	pDC	0.44569156
27	Monocytes	5.490837979
27	CD33HLADR	6.710391819
27	Classical_Monocytes	5.657937572
27	Non-Classical_Monocytes	0.362428544
27	Intermediate_Monocytes	0.272732033
27	Bcells	7.237643395
27	CD3CD19	0.40613852
27	CD3CD19neg	14.72730212
27	CD3 Tcells	26.19570686
27	CD4Tcells	16.9656171
27	CD8Tcells	9.595250183
27	Tregs	0.382917595
27	TemraCD4	0.284570151
27	NaiveCD4	7.88350381
27	TemCD4	3.31763265
27	TcmCD4	5.189421275
27	TemraCD8	0.277285155
27	NaiveCD8	6.639818421
27	TemCD8	0.801121889
27	TcmCD8	1.734739641
27	NK	5.033476833
27	Basophils	0.651779474
27	mDC	0.355826517
27	pDC	0.098802756
28	Monocytes	7.211965205
28	CD33HLADR	12.97202709
28	Classical_Monocytes	10.388717
28	Non-Classical_Monocytes	1.124432553
28	Intermediate_Monocytes	0.390872664
28	Bcells	9.663399356
28	CD3CD19	0.65082042
28	CD3CD19neg	22.81136669
28	CD3 Tcells	41.79389313
28	CD4Tcells	26.69346453
28	CD8Tcells	13.05508356
28	Tregs	0.257728691
28	TemraCD4	1.150744338
28	NaiveCD4	12.96441886
28	TemCD4	5.171692323
28	TcmCD4	7.318480383
28	TemraCD8	0.201935026
28	NaiveCD8	9.693198245
28	TemCD8	0.36392686
28	TcmCD8	2.631495524
28	NK	4.478075626
28	Basophils	1.239506987
28	mDC	0.4222566
28	pDC	0.294501788
29	Monocytes	3.8606268
29	CD33HLADR	1.328858592
29	Classical_Monocytes	1.003328928
29	Non-Classical_Monocytes	0.0
29	Intermediate_Monocytes	0.044954096
29	Bcells	13.20952872
29	CD3CD19	0.54332451
29	CD3CD19neg	42.89008336
29	CD3 Tcells	36.54961808
29	CD4Tcells	8.700555338
29	CD8Tcells	12.31897257
29	Tregs	0.0
29	TemraCD4	1.980692991
29	NaiveCD4	1.75824772
29	TemCD4	4.480683302
29	TcmCD4	0.299564798
29	TemraCD8	4.325669177
29	NaiveCD8	4.191581958
29	TemCD8	3.486655221
29	TcmCD8	0.044566561
29	NK	0.35149453
29	Basophils	0.250735348
29	mDC	0.0
29	pDC	0.0
30	Monocytes	3.670204368
30	CD33HLADR	7.04043505
30	Classical_Monocytes	5.777738795
30	Non-Classical_Monocytes	0.371546356
30	Intermediate_Monocytes	0.238575564
30	Bcells	10.26541531
30	CD3CD19	0.74028594
30	CD3CD19neg	22.41557758
30	CD3 Tcells	43.02885712
30	CD4Tcells	29.14270678
30	CD8Tcells	13.20164898
30	Tregs	0.250504342
30	TemraCD4	1.025874923
30	NaiveCD4	13.61143759
30	TemCD4	6.705376721
30	TcmCD4	7.800017542
30	TemraCD8	0.650820103
30	NaiveCD8	9.591439347
30	TemCD8	1.154986405
30	TcmCD8	1.76545917
30	NK	6.907113411
30	Basophils	0.944127708
30	mDC	0.486974827
30	pDC	0.137882642
31	Monocytes	25.69715069
31	CD33HLADR	27.60458796
31	Classical_Monocytes	24.2499478
31	Non-Classical_Monocytes	0.809050984
31	Intermediate_Monocytes	1.907963651
31	Bcells	12.99376938
31	CD3CD19	1.080138334
31	CD3CD19neg	21.54100437
31	CD3 Tcells	34.85937673
31	CD4Tcells	22.20986196
31	CD8Tcells	13.74807651
31	Tregs	0.219326335
31	TemraCD4	0.224590167
31	NaiveCD4	11.90275246
31	TemCD4	3.344287953
31	TcmCD4	6.344847673
31	TemraCD8	0.248277411
31	NaiveCD8	9.962153048
31	TemCD8	0.740796628
31	TcmCD8	2.732981592
31	NK	12.70092486
31	Basophils	1.00890114
31	mDC	0.633765377
31	pDC	0.164407021
45	Monocytes	22.7930283
45	CD33HLADR	26.42057674
45	Classical_Monocytes	22.7930283
45	Non-Classical_Monocytes	2.390009845
45	Intermediate_Monocytes	0.0
45	Bcells	13.68508836
45	CD3CD19	0.064517362
45	CD3CD19neg	14.51712339
45	CD3 Tcells	46.65823958
45	CD4Tcells	28.27724305
45	CD8Tcells	16.51333837
45	Tregs	0.606224253
45	TemraCD4	0.241820632
45	NaiveCD4	9.122755035
45	TemCD4	9.237452568
45	TcmCD4	9.329210594
45	TemraCD8	6.991053592
45	NaiveCD8	2.291561129
45	TemCD8	5.706680175
45	TcmCD8	1.401221529
45	NK	7.158798735
45	Basophils	0.84015943
45	mDC	1.223440353
45	pDC	0.960830792
46	Monocytes	41.38050163
46	CD33HLADR	44.388503
46	Classical_Monocytes	41.38050163
46	Non-Classical_Monocytes	1.15607028
46	Intermediate_Monocytes	0.789360667
46	Bcells	6.744350786
46	CD3CD19	0.406486672
46	CD3CD19neg	10.58719496
46	CD3 Tcells	39.1935558
46	CD4Tcells	26.72923233
46	CD8Tcells	11.13298057
46	Tregs	1.182218546
46	TemraCD4	0.150867568
46	NaiveCD4	12.22724586
46	TemCD4	6.029631531
46	TcmCD4	7.896934631
46	TemraCD8	2.750639048
46	NaiveCD8	4.111616644
46	TemCD8	2.635111257
46	TcmCD8	1.607246714
46	NK	3.14730031
46	Basophils	1.382847055
46	mDC	1.027547594
46	pDC	0.385092636
47	Monocytes	20.24533319
47	CD33HLADR	22.97448162
47	Classical_Monocytes	19.56373333
47	Non-Classical_Monocytes	1.530888859
47	Intermediate_Monocytes	0.681599858
47	Bcells	5.51602592
47	CD3CD19	0.089648021
47	CD3CD19neg	14.94693662
47	CD3 Tcells	58.56428771
47	CD4Tcells	41.7063363
47	CD8Tcells	15.05659127
47	Tregs	1.330364411
47	TemraCD4	0.471606624
47	NaiveCD4	21.14089706
47	TemCD4	7.24759195
47	TcmCD4	12.77797377
47	TemraCD8	3.2099184
47	NaiveCD8	5.720826594
47	TemCD8	3.645482549
47	TcmCD8	2.301984016
47	NK	3.075370008
47	Basophils	1.207270195
47	mDC	1.187110844
47	pDC	0.395245448
48	Monocytes	15.19059849
48	CD33HLADR	16.61578776
48	Classical_Monocytes	14.95518597
48	Non-Classical_Monocytes	0.488089518
48	Intermediate_Monocytes	0.235412521
48	Bcells	6.488231381
48	CD3CD19	0.583378725
48	CD3CD19neg	8.255364367
48	CD3 Tcells	68.18451309
48	CD4Tcells	49.11315459
48	CD8Tcells	17.60936511
48	Tregs	1.283192295
48	TemraCD4	0.942051582
48	NaiveCD4	25.80437072
48	TemCD4	7.847173243
48	TcmCD4	14.20986912
48	TemraCD8	3.618313194
48	NaiveCD8	7.465882583
48	TemCD8	3.842617562
48	TcmCD8	2.68255177
48	NK	3.044035123
48	Basophils	1.246388178
48	mDC	0.577490066
48	pDC	0.369245676
49	Monocytes	16.45197889
49	CD33HLADR	18.37939105
49	Classical_Monocytes	16.13193238
49	Non-Classical_Monocytes	0.905632038
49	Intermediate_Monocytes	0.320046513
49	Bcells	6.469569337
49	CD3CD19	0.328121698
49	CD3CD19neg	10.15171927
49	CD3 Tcells	65.41330817
49	CD4Tcells	46.41401206
49	CD8Tcells	14.99467711
49	Tregs	2.246651153
49	TemraCD4	0.754626072
49	NaiveCD4	25.88244953
49	TemCD4	6.976152632
49	TcmCD4	12.80078383
49	TemraCD8	3.88295288
49	NaiveCD8	6.296222025
49	TemCD8	2.275048889
49	TcmCD8	2.512997684
49	NK	3.737599543
49	Basophils	1.380452937
49	mDC	0.765662158
49	pDC	0.234449548
87	Monocytes	10.79051708
87	CD33HLADR	12.95390227
87	Classical_Monocytes	10.3001688
87	Non-Classical_Monocytes	0.522824035
87	Intermediate_Monocytes	0.490348276
87	Bcells	5.831004714
87	CD3CD19	0.340460157
87	CD3CD19neg	12.39003744
87	CD3 Tcells	68.29937654
87	CD4Tcells	46.24226916
87	CD8Tcells	23.20339461
87	Tregs	0.759433137
87	TemraCD4	1.133082806
87	NaiveCD4	21.39438776
87	TemCD4	10.02073452
87	TcmCD4	13.25760415
87	TemraCD8	5.277132426
87	NaiveCD8	9.956496758
87	TemCD8	5.449503763
87	TcmCD8	2.175162111
87	NK	7.188562823
87	Basophils	0.984622193
87	mDC	0.984265316
87	pDC	0.714109825
88	Monocytes	7.257094942
88	CD33HLADR	8.290246005
88	Classical_Monocytes	7.021364544
88	Non-Classical_Monocytes	0.0
88	Intermediate_Monocytes	0.235730398
88	Bcells	5.525019782
88	CD3CD19	0.033304595
88	CD3CD19neg	7.209854381
88	CD3 Tcells	78.88535897
88	CD4Tcells	58.49822257
88	CD8Tcells	21.20345328
88	Tregs	0.68664155
88	TemraCD4	0.958510978
88	NaiveCD4	35.97935587
88	TemCD4	4.258264146
88	TcmCD4	17.30209158
88	TemraCD8	1.823721848
88	NaiveCD8	14.13437578
88	TemCD8	1.566024589
88	TcmCD8	3.504777202
88	NK	3.101579016
88	Basophils	1.280927805
88	mDC	0.868045304
88	pDC	0.599955121
89	Monocytes	10.40593516
89	CD33HLADR	12.14561397
89	Classical_Monocytes	9.376620148
89	Non-Classical_Monocytes	0.0
89	Intermediate_Monocytes	0.749171545
89	Bcells	6.894743065
89	CD3CD19	0.27377657
89	CD3CD19neg	11.7457122
89	CD3 Tcells	69.20362246
89	CD4Tcells	49.78125161
89	CD8Tcells	19.91868563
89	Tregs	0.203437518
89	TemraCD4	1.461051266
89	NaiveCD4	27.69266685
89	TemCD4	9.317195776
89	TcmCD4	10.80401782
89	TemraCD8	4.753646564
89	NaiveCD8	9.340844251
89	TemCD8	4.303719177
89	TcmCD8	1.347659862
89	NK	3.346865516
89	Basophils	1.255188263
89	mDC	1.279139923
89	pDC	1.046293405
90	Monocytes	8.81058794
90	CD33HLADR	10.04088487
90	Classical_Monocytes	8.366826994
90	Non-Classical_Monocytes	0.336138818
90	Intermediate_Monocytes	0.443760946
90	Bcells	4.932151894
90	CD3CD19	0.227362565
90	CD3CD19neg	15.69090232
90	CD3 Tcells	69.13524322
90	CD4Tcells	47.23659268
90	CD8Tcells	22.11822276
90	Tregs	0.805001976
90	TemraCD4	2.112336727
90	NaiveCD4	24.07763797
90	TemCD4	7.548264052
90	TcmCD4	12.76981271
90	TemraCD8	4.513204629
90	NaiveCD8	11.14336248
90	TemCD8	3.143835676
90	TcmCD8	2.616112158
90	NK	9.23328611
90	Basophils	0.703150472
90	mDC	0.886656299
90	pDC	0.765473206
91	Monocytes	9.661559167
91	CD33HLADR	12.58062153
91	Classical_Monocytes	9.18454563
91	Non-Classical_Monocytes	0.49383654
91	Intermediate_Monocytes	0.477013537
91	Bcells	7.114502243
91	CD3CD19	0.549189647
91	CD3CD19neg	16.62031296
91	CD3 Tcells	64.96039811
91	CD4Tcells	46.37450718
91	CD8Tcells	19.44033668
91	Tregs	0.364407952
91	TemraCD4	2.280330925
91	NaiveCD4	23.21818621
91	TemCD4	7.661792518
91	TcmCD4	12.84680485
91	TemraCD8	3.467437992
91	NaiveCD8	9.401073959
91	TemCD8	3.485617689
91	TcmCD8	2.770097383
91	NK	3.483989657
91	Basophils	1.159701853
91	mDC	1.576206847
91	pDC	1.13419601
114	Monocytes	15.63736791
114	CD33HLADR	17.54447531
114	Classical_Monocytes	14.26955064
114	Non-Classical_Monocytes	1.613306791
114	Intermediate_Monocytes	0.8160953
114	Bcells	13.25281487
114	CD3CD19	0.880457618
114	CD3CD19neg	23.27177736
114	CD3 Tcells	46.08971383
114	CD4Tcells	19.65017743
114	CD8Tcells	25.25080059
114	Tregs	0.160669746
114	TemraCD4	0.0
114	NaiveCD4	8.777509383
114	TemCD4	3.999748216
114	TcmCD4	6.710361704
114	TemraCD8	3.823184597
114	NaiveCD8	11.53454557
114	TemCD8	8.272682209
114	TcmCD8	1.512435775
114	NK	14.59340798
114	Basophils	0.328578285
114	mDC	0.48767438
114	pDC	0.186005524
115	Monocytes	10.58548931
115	CD33HLADR	13.82692184
115	Classical_Monocytes	9.458544391
115	Non-Classical_Monocytes	2.566930087
115	Intermediate_Monocytes	1.126944916
115	Bcells	10.91820097
115	CD3CD19	1.269373503
115	CD3CD19neg	24.75004067
115	CD3 Tcells	49.42290887
115	CD4Tcells	16.52266184
115	CD8Tcells	26.69618639
115	Tregs	0.250621352
115	TemraCD4	0.084927537
115	NaiveCD4	7.867618965
115	TemCD4	1.844573149
115	TcmCD4	6.603919907
115	TemraCD8	4.524613854
115	NaiveCD8	12.84751251
115	TemCD8	7.336679995
115	TcmCD8	1.884861714
115	NK	14.77360853
115	Basophils	0.465493696
115	mDC	0.441282727
115	pDC	0.24248798
116	Monocytes	11.83847375
116	CD33HLADR	12.31549448
116	Classical_Monocytes	8.157519014
116	Non-Classical_Monocytes	2.276297841
116	Intermediate_Monocytes	1.491966944
116	Bcells	11.24229734
116	CD3CD19	1.622401265
116	CD3CD19neg	20.68359261
116	CD3 Tcells	52.37647883
116	CD4Tcells	18.8230127
116	CD8Tcells	12.68224979
116	Tregs	0.198769698
116	TemraCD4	0.913571008
116	NaiveCD4	9.645637947
116	TemCD4	2.403016841
116	TcmCD4	5.84698714
116	TemraCD8	2.70647899
116	NaiveCD8	4.82606988
116	TemCD8	4.31640739
116	TcmCD8	0.76615236
116	NK	5.114670743
116	Basophils	0.481134128
116	mDC	0.365295713
116	pDC	0.15299163
117	Monocytes	14.60209619
117	CD33HLADR	17.14137628
117	Classical_Monocytes	12.06375117
117	Non-Classical_Monocytes	2.590843149
117	Intermediate_Monocytes	1.617156338
117	Bcells	10.53061857
117	CD3CD19	2.165781902
117	CD3CD19neg	17.17356979
117	CD3 Tcells	55.25074873
117	CD4Tcells	27.96908354
117	CD8Tcells	17.25599053
117	Tregs	0.349853994
117	TemraCD4	0.874301027
117	NaiveCD4	12.70227813
117	TemCD4	4.479173068
117	TcmCD4	9.675152752
117	TemraCD8	1.893138908
117	NaiveCD8	7.069348302
117	TemCD8	7.150833959
117	TcmCD8	1.142669363
117	NK	4.924004606
117	Basophils	0.940558217
117	mDC	0.737378406
117	pDC	0.241918894
118	Monocytes	10.47369812
118	CD33HLADR	13.78915117
118	Classical_Monocytes	9.266549334
118	Non-Classical_Monocytes	2.649707348
118	Intermediate_Monocytes	1.207148781
118	Bcells	10.67835084
118	CD3CD19	1.896553764
118	CD3CD19neg	19.5543907
118	CD3 Tcells	54.96299295
118	CD4Tcells	28.88113975
118	CD8Tcells	27.01008542
118	Tregs	0.275893433
118	TemraCD4	0.654704713
118	NaiveCD4	14.17558599
118	TemCD4	4.702280886
118	TcmCD4	9.055850347
118	TemraCD8	3.706225412
118	NaiveCD8	14.71409738
118	TemCD8	6.574123851
118	TcmCD8	1.970554718
118	NK	10.65784614
118	Basophils	0.775367015
118	mDC	0.583332567
118	pDC	0.22739192
131	Monocytes	14.45741721
131	CD33HLADR	16.2430033
131	Classical_Monocytes	13.67165491
131	Non-Classical_Monocytes	0.729636422
131	Intermediate_Monocytes	0.7857623
131	Bcells	17.01375519
131	CD3CD19	0.889747455
131	CD3CD19neg	9.567721964
131	CD3 Tcells	56.28642472
131	CD4Tcells	28.53370054
131	CD8Tcells	24.50721261
131	Tregs	0.224721057
131	TemraCD4	0.117690311
131	NaiveCD4	9.883158103
131	TemCD4	6.370069679
131	TcmCD4	11.44445822
131	TemraCD8	7.842395052
131	NaiveCD8	10.31889506
131	TemCD8	4.547718962
131	TcmCD8	1.335056267
131	NK	3.675592422
131	Basophils	0.361119994
131	mDC	0.843193432
131	pDC	0.671987748
132	Monocytes	16.40148776
132	CD33HLADR	18.66252871
132	Classical_Monocytes	15.08089149
132	Non-Classical_Monocytes	1.636903579
132	Intermediate_Monocytes	1.320596268
132	Bcells	15.69827356
132	CD3CD19	1.527229185
132	CD3CD19neg	11.09910168
132	CD3 Tcells	53.07671115
132	CD4Tcells	31.16779388
132	CD8Tcells	20.76925726
132	Tregs	0.112588448
132	TemraCD4	0.357104066
132	NaiveCD4	10.77391975
132	TemCD4	4.466582424
132	TcmCD4	15.39547686
132	TemraCD8	5.171253653
132	NaiveCD8	10.68649813
132	TemCD8	2.654968065
132	TcmCD8	2.061693171
132	NK	3.232613032
132	Basophils	0.459360868
132	mDC	0.383330552
132	pDC	0.344520651
133	Monocytes	13.65766753
133	CD33HLADR	15.80077474
133	Classical_Monocytes	11.69624656
133	Non-Classical_Monocytes	1.439372978
133	Intermediate_Monocytes	1.852155107
133	Bcells	13.41513685
133	CD3CD19	1.330530631
133	CD3CD19neg	12.4152272
133	CD3 Tcells	56.13484028
133	CD4Tcells	32.77509868
133	CD8Tcells	22.18407485
133	Tregs	0.0
133	TemraCD4	0.231801729
133	NaiveCD4	11.67549452
133	TemCD4	4.237792999
133	TcmCD4	16.3687031
133	TemraCD8	5.807889729
133	NaiveCD8	10.92771513
133	TemCD8	2.96725977
133	TcmCD8	2.481210225
133	NK	3.574292313
133	Basophils	0.503978181
133	mDC	0.702322535
133	pDC	0.321303736
134	Monocytes	10.80036678
134	CD33HLADR	11.93910184
134	Classical_Monocytes	9.850216364
134	Non-Classical_Monocytes	0.634186444
134	Intermediate_Monocytes	0.519680558
134	Bcells	9.806175639
134	CD3CD19	1.03213392
134	CD3CD19neg	15.29229491
134	CD3 Tcells	59.19547758
134	CD4Tcells	30.41226636
134	CD8Tcells	21.49977867
134	Tregs	0.10660114
134	TemraCD4	0.504322767
134	NaiveCD4	9.734807079
134	TemCD4	5.129276467
134	TcmCD4	14.82907682
134	TemraCD8	5.553648379
134	NaiveCD8	10.33805209
134	TemCD8	3.369454256
134	TcmCD8	2.155511189
134	NK	2.889297426
134	Basophils	0.555590688
134	mDC	0.49777312
134	pDC	0.369716242
135	Monocytes	12.89981274
135	CD33HLADR	15.44806087
135	Classical_Monocytes	12.11195839
135	Non-Classical_Monocytes	1.795977789
135	Intermediate_Monocytes	0.787854352
135	Bcells	14.25227575
135	CD3CD19	1.352598309
135	CD3CD19neg	12.23088746
135	CD3 Tcells	56.57438276
135	CD4Tcells	33.48022449
135	CD8Tcells	22.40669683
135	Tregs	0.254635392
135	TemraCD4	0.379652981
135	NaiveCD4	10.95933411
135	TemCD4	4.840913765
135	TcmCD4	16.6460108
135	TemraCD8	6.393215496
135	NaiveCD8	10.91427907
135	TemCD8	2.905576542
135	TcmCD8	2.119210495
135	NK	4.036417461
135	Basophils	0.577326897
135	mDC	0.727916265
135	pDC	0.383035492
153	Monocytes	21.39916205
153	CD33HLADR	24.27998768
153	Classical_Monocytes	17.48163254
153	Non-Classical_Monocytes	1.160404434
153	Intermediate_Monocytes	0.0
153	Bcells	6.659903679
153	CD3CD19	0.0
153	CD3CD19neg	31.56020568
153	CD3 Tcells	34.67859851
153	CD4Tcells	16.78937521
153	CD8Tcells	9.512780235
153	Tregs	0.0
153	TemraCD4	0.172611453
153	NaiveCD4	1.402371014
153	TemCD4	10.62660287
153	TcmCD4	4.263528778
153	TemraCD8	1.12339778
153	NaiveCD8	5.011166693
153	TemCD8	2.694757218
153	TcmCD8	0.622125838
153	NK	3.969545853
153	Basophils	1.262366821
153	mDC	2.215482238
153	pDC	0.819063343
154	Monocytes	26.6055826
154	CD33HLADR	29.36477775
154	Classical_Monocytes	24.16274045
154	Non-Classical_Monocytes	2.092302887
154	Intermediate_Monocytes	1.159382565
154	Bcells	4.856704063
154	CD3CD19	0.369107426
154	CD3CD19neg	19.99930586
154	CD3 Tcells	46.72931254
154	CD4Tcells	28.67497896
154	CD8Tcells	16.06198645
154	Tregs	0.291364066
154	TemraCD4	0.111061943
154	NaiveCD4	7.886786232
154	TemCD4	8.617886179
154	TcmCD4	11.81299945
154	TemraCD8	1.773173335
154	NaiveCD8	8.914803342
154	TemCD8	4.185126376
154	TcmCD8	1.120857954
154	NK	12.76986751
154	Basophils	0.498043401
154	mDC	1.149317576
154	pDC	1.064632845
155	Monocytes	25.85343165
155	CD33HLADR	29.37170362
155	Classical_Monocytes	22.04221926
155	Non-Classical_Monocytes	1.752095175
155	Intermediate_Monocytes	2.429293188
155	Bcells	6.346331097
155	CD3CD19	0.309155615
155	CD3CD19neg	37.22604844
155	CD3 Tcells	27.69663065
155	CD4Tcells	17.14650861
155	CD8Tcells	10.16735795
155	Tregs	0.133135337
155	TemraCD4	0.157244781
155	NaiveCD4	5.473057163
155	TemCD4	5.060636319
155	TcmCD4	6.123372079
155	TemraCD8	1.724358646
155	NaiveCD8	5.002816324
155	TemCD8	2.750610204
155	TcmCD8	0.61105706
155	NK	22.21887961
155	Basophils	0.895676515
155	mDC	2.07042518
155	pDC	1.11692867
156	Monocytes	21.74061305
156	CD33HLADR	24.86954907
156	Classical_Monocytes	19.6792271
156	Non-Classical_Monocytes	1.788004899
156	Intermediate_Monocytes	1.743892459
156	Bcells	5.147370376
156	CD3CD19	0.353915269
156	CD3CD19neg	34.12097256
156	CD3 Tcells	36.03376923
156	CD4Tcells	21.89631255
156	CD8Tcells	13.71867872
156	Tregs	0.148008846
156	TemraCD4	0.314881564
156	NaiveCD4	6.876316843
156	TemCD4	5.627673591
156	TcmCD4	8.362209569
156	TemraCD8	1.841113955
156	NaiveCD8	7.59836784
156	TemCD8	3.144752651
156	TcmCD8	0.938840423
156	NK	22.92250721
156	Basophils	0.267866989
156	mDC	1.329612797
156	pDC	1.005299297
157	Monocytes	22.34588122
157	CD33HLADR	25.50478447
157	Classical_Monocytes	19.50302732
157	Non-Classical_Monocytes	1.840639573
157	Intermediate_Monocytes	1.9789857
157	Bcells	5.14921902
157	CD3CD19	0.281860358
157	CD3CD19neg	36.71479628
157	CD3 Tcells	33.03769137
157	CD4Tcells	19.94668904
157	CD8Tcells	11.11976879
157	Tregs	0.207121645
157	TemraCD4	0.220240675
157	NaiveCD4	7.770838385
157	TemCD4	5.356141892
157	TcmCD4	6.506641012
157	TemraCD8	1.926708356
157	NaiveCD8	6.395924355
157	TemCD8	2.037623786
157	TcmCD8	0.665095033
157	NK	22.60209984
157	Basophils	0.700079112
157	mDC	1.252270983
157	pDC	1.058069594
160	Monocytes	15.22664525
160	CD33HLADR	23.98619121
160	Classical_Monocytes	14.57275327
160	Non-Classical_Monocytes	1.759672034
160	Intermediate_Monocytes	0.527674958
160	Bcells	12.82342225
160	CD3CD19	0.789033427
160	CD3CD19neg	25.16676654
160	CD3 Tcells	34.36630133
160	CD4Tcells	12.33923621
160	CD8Tcells	5.347436775
160	Tregs	0.0
160	TemraCD4	0.657575075
160	NaiveCD4	1.580475035
160	TemCD4	7.077785663
160	TcmCD4	2.80453928
160	TemraCD8	1.158335069
160	NaiveCD8	1.153518707
160	TemCD8	2.794198267
160	TcmCD8	0.187129831
160	NK	3.446107034
160	Basophils	0.876152917
160	mDC	2.173879169
160	pDC	1.195732703
161	Monocytes	34.81216783
161	CD33HLADR	39.77881532
161	Classical_Monocytes	32.8586545
161	Non-Classical_Monocytes	3.449739065
161	Intermediate_Monocytes	1.953513322
161	Bcells	8.731830925
161	CD3CD19	0.541619575
161	CD3CD19neg	16.57577403
161	CD3 Tcells	32.2565881
161	CD4Tcells	17.28765884
161	CD8Tcells	10.41420087
161	Tregs	0.330389275
161	TemraCD4	0.507593216
161	NaiveCD4	5.06765908
161	TemCD4	5.60460837
161	TcmCD4	5.85466875
161	TemraCD8	3.157512686
161	NaiveCD8	3.200879615
161	TemCD8	3.301224015
161	TcmCD8	0.603801078
161	NK	6.799534039
161	Basophils	1.582692726
161	mDC	1.142618482
161	pDC	1.189988511
162	Monocytes	40.95570276
162	CD33HLADR	47.80143019
162	Classical_Monocytes	35.74992499
162	Non-Classical_Monocytes	5.178895576
162	Intermediate_Monocytes	5.205777771
162	Bcells	7.276657158
162	CD3CD19	0.412329424
162	CD3CD19neg	24.0055285
162	CD3 Tcells	21.88373586
162	CD4Tcells	12.19786382
162	CD8Tcells	7.337074213
162	Tregs	0.0385583
162	TemraCD4	0.532891995
162	NaiveCD4	3.536502083
162	TemCD4	4.137006871
162	TcmCD4	3.991462867
162	TemraCD8	3.568136181
162	NaiveCD8	1.440233957
162	TemCD8	1.926421532
162	TcmCD8	0.376758034
162	NK	10.10498991
162	Basophils	0.902861596
162	mDC	1.361488133
162	pDC	1.4023545
163	Monocytes	25.18706352
163	CD33HLADR	30.1807147
163	Classical_Monocytes	23.79674698
163	Non-Classical_Monocytes	3.701086354
163	Intermediate_Monocytes	1.390316534
163	Bcells	11.17745463
163	CD3CD19	0.924484284
163	CD3CD19neg	17.83301085
163	CD3 Tcells	39.75887072
163	CD4Tcells	23.70466387
163	CD8Tcells	11.14583648
163	Tregs	0.435977668
163	TemraCD4	0.681868569
163	NaiveCD4	7.431271478
163	TemCD4	7.78159043
163	TcmCD4	7.288548941
163	TemraCD8	3.030554968
163	NaiveCD8	3.981240741
163	TemCD8	3.130322178
163	TcmCD8	0.925366065
163	NK	7.835253096
163	Basophils	1.467283409
163	mDC	1.06141226
163	pDC	0.924232347
164	Monocytes	26.04237802
164	CD33HLADR	29.96492218
164	Classical_Monocytes	23.65940673
164	Non-Classical_Monocytes	2.622763386
164	Intermediate_Monocytes	2.304037238
164	Bcells	7.780386322
164	CD3CD19	0.7428173
164	CD3CD19neg	20.58325091
164	CD3 Tcells	40.38122757
164	CD4Tcells	23.3235782
164	CD8Tcells	10.35925759
164	Tregs	0.203075797
164	TemraCD4	0.76434477
164	NaiveCD4	8.147788471
164	TemCD4	7.153697762
164	TcmCD4	6.792275466
164	TemraCD8	3.357926474
164	NaiveCD8	3.688014342
164	TemCD8	2.701817038
164	TcmCD8	0.560790584
164	NK	9.088419298
164	Basophils	1.892503776
164	mDC	1.241178222
164	pDC	1.071350406
201	Monocytes	5.532066706
201	CD33HLADR	7.131623345
201	Classical_Monocytes	5.532066706
201	Non-Classical_Monocytes	0.87664473
201	Intermediate_Monocytes	0.0
201	Bcells	8.697002006
201	CD3CD19	0.033224808
201	CD3CD19neg	18.22802839
201	CD3 Tcells	66.26293078
201	CD4Tcells	52.89784325
201	CD8Tcells	12.41504866
201	Tregs	0.190634144
201	TemraCD4	2.505885829
201	NaiveCD4	29.66131121
201	TemCD4	5.980056945
201	TcmCD4	14.30831805
201	TemraCD8	0.932337134
201	NaiveCD8	8.667453713
201	TemCD8	1.489533505
201	TcmCD8	1.290729325
201	NK	11.632904
201	Basophils	0.798620898
201	mDC	0.712835533
201	pDC	0.303516791
202	Monocytes	16.10850773
202	CD33HLADR	18.22829879
202	Classical_Monocytes	15.76453265
202	Non-Classical_Monocytes	1.151287824
202	Intermediate_Monocytes	0.34397508
202	Bcells	12.41319858
202	CD3CD19	0.952520217
202	CD3CD19neg	17.198754
202	CD3 Tcells	50.9994491
202	CD4Tcells	41.14557474
202	CD8Tcells	10.61119764
202	Tregs	0.262019574
202	TemraCD4	3.189463446
202	NaiveCD4	24.58053064
202	TemCD4	5.045704647
202	TcmCD4	7.64175582
202	TemraCD8	1.483700716
202	NaiveCD8	7.399119913
202	TemCD8	0.99196768
202	TcmCD8	0.70988431
202	NK	10.18594718
202	Basophils	0.726377431
202	mDC	0.813603934
202	pDC	0.484081588
203	Monocytes	16.58135523
203	CD33HLADR	18.81107524
203	Classical_Monocytes	15.23979017
203	Non-Classical_Monocytes	1.553752688
203	Intermediate_Monocytes	0.518349629
203	Bcells	13.43600087
203	CD3CD19	0.878303847
203	CD3CD19neg	19.02650336
203	CD3 Tcells	49.33226354
203	CD4Tcells	38.56746776
203	CD8Tcells	10.04255418
203	Tregs	0.057680816
203	TemraCD4	3.090006701
203	NaiveCD4	19.90558493
203	TemCD4	7.109257836
203	TcmCD4	8.108756207
203	TemraCD8	1.832435284
203	NaiveCD8	5.734121249
203	TemCD8	1.827380111
203	TcmCD8	0.64861754
203	NK	7.570185888
203	Basophils	0.700206225
203	mDC	1.128988564
203	pDC	0.40726545
204	Monocytes	12.73721622
204	CD33HLADR	14.43180425
204	Classical_Monocytes	11.33987321
204	Non-Classical_Monocytes	1.268391125
204	Intermediate_Monocytes	0.654109036
204	Bcells	12.72908084
204	CD3CD19	1.395885925
204	CD3CD19neg	21.70592899
204	CD3 Tcells	49.68193083
204	CD4Tcells	39.12536139
204	CD8Tcells	9.767801613
204	Tregs	0.159307788
204	TemraCD4	2.912466927
204	NaiveCD4	19.38212377
204	TemCD4	8.885901868
204	TcmCD4	7.6476238
204	TemraCD8	1.409242523
204	NaiveCD8	6.109550818
204	TemCD8	1.607284446
204	TcmCD8	0.589025976
204	NK	8.653982755
204	Basophils	0.814873908
204	mDC	0.782818072
204	pDC	0.314972868
205	Monocytes	9.169503999
205	CD33HLADR	11.61405807
205	Classical_Monocytes	8.64072226
205	Non-Classical_Monocytes	1.438076059
205	Intermediate_Monocytes	0.52878174
205	Bcells	15.11011007
205	CD3CD19	1.328626461
205	CD3CD19neg	20.03345491
205	CD3 Tcells	52.344405
205	CD4Tcells	40.67777877
205	CD8Tcells	11.4126816
205	Tregs	0.0
205	TemraCD4	3.060410247
205	NaiveCD4	21.27581568
205	TemCD4	7.762294883
205	TcmCD4	8.08444333
205	TemraCD8	1.696603558
205	NaiveCD8	7.163152688
205	TemCD8	1.608450803
205	TcmCD8	0.88206671
205	NK	11.83268769
205	Basophils	0.769516939
205	mDC	0.676646529
205	pDC	0.242891842
241	Monocytes	4.879023307
241	CD33HLADR	6.330532213
241	Classical_Monocytes	4.879023307
241	Non-Classical_Monocytes	0.638021246
241	Intermediate_Monocytes	0.0
241	Bcells	11.25817874
241	CD3CD19	0.065958459
241	CD3CD19neg	16.66043021
241	CD3 Tcells	66.32503567
241	CD4Tcells	38.56709476
241	CD8Tcells	26.67026056
241	Tregs	0.0
241	TemraCD4	1.743671053
241	NaiveCD4	20.41076053
241	TemCD4	7.649067174
241	TcmCD4	8.063844406
241	TemraCD8	1.759103641
241	NaiveCD8	16.54901961
241	TemCD8	6.88230009
241	TcmCD8	0.902066487
241	NK	5.615982242
241	Basophils	0.290470905
241	mDC	0.775434702
241	pDC	0.861053856
242	Monocytes	8.545243217
242	CD33HLADR	9.387476686
242	Classical_Monocytes	8.545243217
242	Non-Classical_Monocytes	0.458402698
242	Intermediate_Monocytes	0.0
242	Bcells	10.49683348
242	CD3CD19	0.084112046
242	CD3CD19neg	15.84693198
242	CD3 Tcells	63.85582973
242	CD4Tcells	38.05982608
242	CD8Tcells	25.30325652
242	Tregs	0.261558251
242	TemraCD4	0.425171285
242	NaiveCD4	19.7747578
242	TemCD4	7.647041053
242	TcmCD4	9.273313267
242	TemraCD8	1.9147018
242	NaiveCD8	15.20186096
242	TemCD8	6.606532119
242	TcmCD8	1.385861226
242	NK	5.974181259
242	Basophils	1.524351948
242	mDC	0.345988301
242	pDC	0.258378212
243	Monocytes	6.652784265
243	CD33HLADR	7.774517729
243	Classical_Monocytes	6.18414833
243	Non-Classical_Monocytes	0.65911106
243	Intermediate_Monocytes	0.468635935
243	Bcells	9.20503906
243	CD3CD19	0.082511251
243	CD3CD19neg	19.16526584
243	CD3 Tcells	63.53771883
243	CD4Tcells	39.53617489
243	CD8Tcells	24.16404915
243	Tregs	0.0
243	TemraCD4	1.679034031
243	NaiveCD4	20.32573764
243	TemCD4	7.38000207
243	TcmCD4	9.429497632
243	TemraCD8	1.582817521
243	NaiveCD8	15.29367013
243	TemCD8	5.897736395
243	TcmCD8	1.389825104
243	NK	9.143505246
243	Basophils	1.21878907
243	mDC	0.429338204
243	pDC	0.498423895
244	Monocytes	6.554719607
244	CD33HLADR	8.618017472
244	Classical_Monocytes	6.554719607
244	Non-Classical_Monocytes	1.456972496
244	Intermediate_Monocytes	0.0
244	Bcells	8.85436288
244	CD3CD19	0.047489965
244	CD3CD19neg	17.82616218
244	CD3 Tcells	66.18100917
244	CD4Tcells	39.84592145
244	CD8Tcells	26.43374904
244	Tregs	0.11522759
244	TemraCD4	1.666443738
244	NaiveCD4	19.72576079
244	TemCD4	7.236145386
244	TcmCD4	11.07620605
244	TemraCD8	1.964636542
244	NaiveCD8	16.05283535
244	TemCD8	6.924208715
244	TcmCD8	1.49206844
244	NK	10.92072857
244	Basophils	0.739959922
244	mDC	0.577855932
244	pDC	0.364703298
245	Monocytes	6.438920225
245	CD33HLADR	8.163679108
245	Classical_Monocytes	6.438920225
245	Non-Classical_Monocytes	1.158441308
245	Intermediate_Monocytes	0.0
245	Bcells	9.464479666
245	CD3CD19	0.497831999
245	CD3CD19neg	18.69684569
245	CD3 Tcells	64.43018016
245	CD4Tcells	40.56316979
245	CD8Tcells	23.86701037
245	Tregs	0.0
245	TemraCD4	2.168568098
245	NaiveCD4	18.83679448
245	TemCD4	9.738847344
245	TcmCD4	9.72835473
245	TemraCD8	1.867827093
245	NaiveCD8	14.2485445
245	TemCD8	6.833244004
245	TcmCD8	0.917394769
245	NK	6.481457849
245	Basophils	1.578004078
245	mDC	0.507332069
245	pDC	0.326405372
255	Monocytes	7.651832823
255	CD33HLADR	9.863661498
255	Classical_Monocytes	6.441951017
255	Non-Classical_Monocytes	2.008213718
255	Intermediate_Monocytes	0.811579845
255	Bcells	18.14217911
255	CD3CD19	1.07999447
255	CD3CD19neg	21.64164919
255	CD3 Tcells	49.45049881
255	CD4Tcells	29.03485934
255	CD8Tcells	16.05649379
255	Tregs	0.106847453
255	TemraCD4	1.212761791
255	NaiveCD4	14.69944474
255	TemCD4	5.63094717
255	TcmCD4	7.293850655
255	TemraCD8	7.159643343
255	NaiveCD8	4.99015045
255	TemCD8	2.680978273
255	TcmCD8	0.936283206
255	NK	11.51792503
255	Basophils	0.214270903
255	mDC	0.529629288
255	pDC	0.280510564
256	Monocytes	17.70306372
256	CD33HLADR	21.55885864
256	Classical_Monocytes	16.38123117
256	Non-Classical_Monocytes	2.538793838
256	Intermediate_Monocytes	1.321832547
256	Bcells	21.40737793
256	CD3CD19	0.981924629
256	CD3CD19neg	20.5399875
256	CD3 Tcells	37.0817939
256	CD4Tcells	20.45188427
256	CD8Tcells	14.17552436
256	Tregs	0.059398624
256	TemraCD4	0.86312738
256	NaiveCD4	9.964474507
256	TemCD4	4.056442903
256	TcmCD4	5.48485193
256	TemraCD8	6.696981754
256	NaiveCD8	3.70601944
256	TemCD8	2.763883363
256	TcmCD8	1.0086398
256	NK	11.68646621
256	Basophils	0.465526062
256	mDC	0.878758597
256	pDC	0.41351674
257	Monocytes	16.5295484
257	CD33HLADR	22.11958479
257	Classical_Monocytes	14.33758835
257	Non-Classical_Monocytes	3.528914909
257	Intermediate_Monocytes	2.332114658
257	Bcells	16.77818308
257	CD3CD19	0.987292925
257	CD3CD19neg	25.35369888
257	CD3 Tcells	38.47378467
257	CD4Tcells	21.51942497
257	CD8Tcells	14.95741536
257	Tregs	0.0
257	TemraCD4	1.159743126
257	NaiveCD4	10.58612366
257	TemCD4	4.20029066
257	TcmCD4	5.2550731
257	TemraCD8	7.33213536
257	NaiveCD8	4.032394967
257	TemCD8	2.612009821
257	TcmCD8	0.855833288
257	NK	14.34731843
257	Basophils	0.198535105
257	mDC	1.358071208
257	pDC	0.456071779
258	Monocytes	9.602433377
258	CD33HLADR	13.67884097
258	Classical_Monocytes	8.68017677
258	Non-Classical_Monocytes	3.052574749
258	Intermediate_Monocytes	0.813723089
258	Bcells	15.27595343
258	CD3CD19	1.371974976
258	CD3CD19neg	22.37710666
258	CD3 Tcells	45.86069862
258	CD4Tcells	29.74792395
258	CD8Tcells	14.72048445
258	Tregs	0.142206737
258	TemraCD4	3.075951199
258	NaiveCD4	11.70993165
258	TemCD4	6.995402632
258	TcmCD4	7.065531981
258	TemraCD8	6.212569851
258	NaiveCD8	5.40608233
258	TemCD8	1.938853886
258	TcmCD8	1.116503774
258	NK	10.64658147
258	Basophils	0.261037024
258	mDC	0.958712737
258	pDC	0.459736848
259	Monocytes	10.21802301
259	CD33HLADR	14.07760803
259	Classical_Monocytes	9.410845073
259	Non-Classical_Monocytes	2.567038252
259	Intermediate_Monocytes	0.807177936
259	Bcells	13.63068636
259	CD3CD19	1.057190681
259	CD3CD19neg	22.86161572
259	CD3 Tcells	48.08210274
259	CD4Tcells	31.80705898
259	CD8Tcells	14.5619148
259	Tregs	0.271891515
259	TemraCD4	1.708030996
259	NaiveCD4	14.90305368
259	TemCD4	6.890750591
259	TcmCD4	8.299700919
259	TemraCD8	6.451900692
259	NaiveCD8	5.570377419
259	TemCD8	1.862669295
259	TcmCD8	0.67696739
259	NK	13.22136218
259	Basophils	0.248101008
259	mDC	0.826932554
259	pDC	0.309701429
27	ASCs (Plasmablasts)	0.61
28	ASCs (Plasmablasts)	0.19
29	ASCs (Plasmablasts)	0.42
30	ASCs (Plasmablasts)	1.77
31	ASCs (Plasmablasts)	1.49
45	ASCs (Plasmablasts)	0.75
46	ASCs (Plasmablasts)	0.79
47	ASCs (Plasmablasts)	1.15
48	ASCs (Plasmablasts)	3.5
49	ASCs (Plasmablasts)	1.91
87	ASCs (Plasmablasts)	0.58
88	ASCs (Plasmablasts)	0.19
89	ASCs (Plasmablasts)	0.38
90	ASCs (Plasmablasts)	1.27
91	ASCs (Plasmablasts)	0.058
114	ASCs (Plasmablasts)	0.55
115	ASCs (Plasmablasts)	0.64
116	ASCs (Plasmablasts)	0.27
117	ASCs (Plasmablasts)	0.25
118	ASCs (Plasmablasts)	0.068
132	ASCs (Plasmablasts)	0.13
133	ASCs (Plasmablasts)	0.11
134	ASCs (Plasmablasts)	0.47
135	ASCs (Plasmablasts)	0.059
153	ASCs (Plasmablasts)	0.39
154	ASCs (Plasmablasts)	0.31
155	ASCs (Plasmablasts)	0.33
156	ASCs (Plasmablasts)	1.02
157	ASCs (Plasmablasts)	0.38
160	ASCs (Plasmablasts)	0.19
161	ASCs (Plasmablasts)	0.47
162	ASCs (Plasmablasts)	0.73
163	ASCs (Plasmablasts)	0.63
164	ASCs (Plasmablasts)	0.39
201	ASCs (Plasmablasts)	1.03
202	ASCs (Plasmablasts)	0.57
203	ASCs (Plasmablasts)	1.15
204	ASCs (Plasmablasts)	1.29
205	ASCs (Plasmablasts)	0.35
223	ASCs (Plasmablasts)	3.51
224	ASCs (Plasmablasts)	1.99
225	ASCs (Plasmablasts)	1.3
226	ASCs (Plasmablasts)	2.86
227	ASCs (Plasmablasts)	0.63
241	ASCs (Plasmablasts)	0.42
242	ASCs (Plasmablasts)	0.35
243	ASCs (Plasmablasts)	0.42
244	ASCs (Plasmablasts)	1.71
245	ASCs (Plasmablasts)	0.2
255	ASCs (Plasmablasts)	0.2
256	ASCs (Plasmablasts)	0.091
257	ASCs (Plasmablasts)	0.045
258	ASCs (Plasmablasts)	0.3
259	ASCs (Plasmablasts)	0.23
282	ASCs (Plasmablasts)	1.73
283	ASCs (Plasmablasts)	1.87
284	ASCs (Plasmablasts)	3.17
285	ASCs (Plasmablasts)	3.16
342	ASCs (Plasmablasts)	1.66
343	ASCs (Plasmablasts)	2.34
344	ASCs (Plasmablasts)	1.89
345	ASCs (Plasmablasts)	4.11
346	ASCs (Plasmablasts)	0.74
355	ASCs (Plasmablasts)	0.42
356	ASCs (Plasmablasts)	0.78
357	ASCs (Plasmablasts)	0.29
358	ASCs (Plasmablasts)	0.66
359	ASCs (Plasmablasts)	0.4
360	ASCs (Plasmablasts)	0.29
361	ASCs (Plasmablasts)	1.31
362	ASCs (Plasmablasts)	0.039
363	ASCs (Plasmablasts)	1.63
364	ASCs (Plasmablasts)	0.41
369	ASCs (Plasmablasts)	1.19
370	ASCs (Plasmablasts)	0.00964
371	ASCs (Plasmablasts)	0.29
372	ASCs (Plasmablasts)	0.58
373	ASCs (Plasmablasts)	0.27
397	ASCs (Plasmablasts)	2.99
398	ASCs (Plasmablasts)	0.46
399	ASCs (Plasmablasts)	0.31
400	ASCs (Plasmablasts)	1.71
401	ASCs (Plasmablasts)	0.24
